raw_id,tool,rule_id,reported_path,reported_region,mapping_status,message
codeql:0:0,codeql,js/shell-command-constructed-from-input,lib/curl-transport.js,"{'startLine': 56, 'startColumn': 8, 'endColumn': 25}",unresolved,"This string concatenation which depends on [library input](1) is later used in a [shell command](2).
This string concatenation which depends on [library input](3) is later used in a [shell command](2).
This string concatenation which depends on [library input](4) is later used in a [shell command](2).
This string concatenation which depends on [library input](5) is later used in a [shell command](2).
This string concatenation which depends on [library input](6) is later used in a [shell command](2).
This string concatenation which depends on [library input](7) is later used in a [shell command](2).
This string concatenation which depends on [library input](8) is later used in a [shell command](2).
This string concatenation which depends on [library input](9) is later used in a [shell command](2).
This string concatenation which depends on [library input](10) is later used in a [shell command](2).
This string concatenation which depends on [library input](11) is later used in a [shell command](2).
This string concatenation which depends on [library input](12) is later used in a [shell command](2)."
codeql:0:1,codeql,js/shell-command-constructed-from-input,lib/curl-transport.js,"{'startLine': 76, 'startColumn': 12, 'endColumn': 57}",unresolved,"This string concatenation which depends on [library input](1) is later used in a [shell command](2).
This string concatenation which depends on [library input](3) is later used in a [shell command](2).
This string concatenation which depends on [library input](4) is later used in a [shell command](2).
This string concatenation which depends on [library input](5) is later used in a [shell command](2).
This string concatenation which depends on [library input](6) is later used in a [shell command](2).
This string concatenation which depends on [library input](7) is later used in a [shell command](2)."
codeql:0:2,codeql,js/shell-command-constructed-from-input,lib/curl-transport.js,"{'startLine': 108, 'startColumn': 21, 'endColumn': 57}",unresolved,"This string concatenation which depends on [library input](1) is later used in a [shell command](2).
This string concatenation which depends on [library input](3) is later used in a [shell command](2).
This string concatenation which depends on [library input](4) is later used in a [shell command](2)."
codeql:0:3,codeql,js/shell-command-constructed-from-input,lib/curl-transport.js,"{'startLine': 113, 'startColumn': 21, 'endColumn': 56}",unresolved,"This string concatenation which depends on [library input](1) is later used in a [shell command](2).
This string concatenation which depends on [library input](3) is later used in a [shell command](2).
This string concatenation which depends on [library input](4) is later used in a [shell command](2)."
codeql:0:4,codeql,js/shell-command-constructed-from-input,lib/curl-transport.js,"{'startLine': 123, 'startColumn': 21, 'endColumn': 64}",unresolved,"This string concatenation which depends on [library input](1) is later used in a [shell command](2).
This string concatenation which depends on [library input](3) is later used in a [shell command](2).
This string concatenation which depends on [library input](4) is later used in a [shell command](2)."
codeql:0:5,codeql,js/shell-command-constructed-from-input,lib/curl-transport.js,"{'startLine': 128, 'startColumn': 21, 'endColumn': 76}",unresolved,"This string concatenation which depends on [library input](1) is later used in a [shell command](2).
This string concatenation which depends on [library input](3) is later used in a [shell command](2).
This string concatenation which depends on [library input](4) is later used in a [shell command](2)."
