pair_id,group_id,dataset,repository,vulnerability_id,language,dataset_reported_category,reported_cwes,adjudicated_cwe,cwe_provenance,vulnerable_ref,fix_commit,fixed_ref,reference_provenance,split,exclusion_reason,vulnerable_source.source_kind,vulnerable_source.package_name,vulnerable_source.package_version,vulnerable_source.repository,vulnerable_source.commit,vulnerable_source.source_reference,fixed_source.source_kind,fixed_source.package_name,fixed_source.package_version,fixed_source.repository,fixed_source.commit,fixed_source.source_reference,scope_verdict,scope_reason,sink_kind,os_command_execution_basis,scope_review_provenance
secbench-alfred-workflow-nodejs-2.0.1,secbench:alfred-workflow-nodejs,SecBench.js,npm:alfred-workflow-nodejs,CVE-2018-16462,javascript,command-injection,CWE-77,CWE-77,GHSA:https://api.github.com/advisories/GHSA-9JM3-5835-537M#CWE-77,2.0.1,https://github.com/vincentmorneau/apex-publish-static-files/commit/2209af8f2b65c24aa55ab757e0e05b958c16f063,2.0.1,https://github.com/cristianstaicu/SecBench.js/blob/5d362353550a8baa42bba34edd26e5fb86d41b60/command-injection/alfred-workflow-nodejs_2.0.1/package.json,excluded,GHSA advisory package does not match the SecBench npm package; provenance is not reliable for primary evaluation; fixed version equals vulnerable version and GHSA does not provide one unique existing first_patched_version,npm_tarball,alfred-workflow-nodejs,2.0.1,,,npm:alfred-workflow-nodejs@2.0.1,npm_tarball,alfred-workflow-nodejs,2.0.1,,,npm:alfred-workflow-nodejs@2.0.1,,,,,
secbench-apex-publish-static-files-2.0.0,secbench:apex-publish-static-files,SecBench.js,npm:apex-publish-static-files,CVE-2018-16462,javascript,command-injection,CWE-77,CWE-77,GHSA:https://api.github.com/advisories/GHSA-9JM3-5835-537M#CWE-77,2.0.0,https://github.com/vincentmorneau/apex-publish-static-files/commit/2209af8f2b65c24aa55ab757e0e05b958c16f063,2.0.1,https://github.com/cristianstaicu/SecBench.js/blob/5d362353550a8baa42bba34edd26e5fb86d41b60/command-injection/apex-publish-static-files_2.0.0/package.json,held_out,,npm_tarball,apex-publish-static-files,2.0.0,,,npm:apex-publish-static-files@2.0.0,npm_tarball,apex-publish-static-files,2.0.1,,,npm:apex-publish-static-files@2.0.1,in_scope,Pinned SecBench command-injection sink plus advisory/fix evidence supports direct OS process/command execution or command-line argument injection.,os_process_command_execution,SecBench sink index.js:54:25; Command Injection in apex-publish-static-files; uses spawn instead of exec,https://github.com/advisories/GHSA-9JM3-5835-537M|https://github.com/vincentmorneau/apex-publish-static-files/commit/2209af8f2b65c24aa55ab757e0e05b958c16f063|https://github.com/cristianstaicu/SecBench.js/blob/5d362353550a8baa42bba34edd26e5fb86d41b60/command-injection/apex-publish-static-files_2.0.0/package.json
secbench-arpping-2.0.0,secbench:arpping,SecBench.js,npm:arpping,secbench:arpping@2.0.0,javascript,command-injection,,cwe_unresolved,,2.0.0,https://github.com/haf-decent/arpping/commit/0db06723f8c3c73a5cc0829c667d45cba25ca44d,3.0.0,https://github.com/cristianstaicu/SecBench.js/blob/5d362353550a8baa42bba34edd26e5fb86d41b60/command-injection/arpping_2.0.0/package.json,reserve,,npm_tarball,arpping,2.0.0,,,npm:arpping@2.0.0,npm_tarball,arpping,3.0.0,,,npm:arpping@3.0.0,in_scope,Pinned SecBench command-injection sink plus advisory/fix evidence supports direct OS process/command execution or command-line argument injection.,os_process_command_execution,SecBench sink index.js:120:13; use execFile to avoid malicious code injection,https://github.com/haf-decent/arpping/commit/0db06723f8c3c73a5cc0829c667d45cba25ca44d|https://github.com/cristianstaicu/SecBench.js/blob/5d362353550a8baa42bba34edd26e5fb86d41b60/command-injection/arpping_2.0.0/package.json
secbench-async-git-1.13.1,secbench:async-git,SecBench.js,npm:async-git,CVE-2020-28490,javascript,command-injection,CWE-78,CWE-78,GHSA:https://api.github.com/advisories/GHSA-6QPR-9MC5-7GCH#CWE-78,1.13.1,https://github.com/omrilotan/async-git/commit/d1950a5021f4e19d92f347614be0d85ce991510d,1.13.2,https://github.com/cristianstaicu/SecBench.js/blob/5d362353550a8baa42bba34edd26e5fb86d41b60/command-injection/async-git_1.13.1/package.json,held_out,,npm_tarball,async-git,1.13.1,,,npm:async-git@1.13.1,npm_tarball,async-git,1.13.2,,,npm:async-git@1.13.2,in_scope,Pinned SecBench command-injection sink plus advisory/fix evidence supports direct OS process/command execution or command-line argument injection.,os_process_command_execution,SecBench sink lib/reset/index.js:11:16; Command Injection in async-git; Use spawn with git to avoid shell script vulnerabilities (#14),https://github.com/advisories/GHSA-6QPR-9MC5-7GCH|https://github.com/omrilotan/async-git/commit/d1950a5021f4e19d92f347614be0d85ce991510d|https://github.com/cristianstaicu/SecBench.js/blob/5d362353550a8baa42bba34edd26e5fb86d41b60/command-injection/async-git_1.13.1/package.json
secbench-bestzip-2.1.6,secbench:bestzip,SecBench.js,npm:bestzip,CVE-2020-7730,javascript,command-injection,CWE-78,CWE-78,GHSA:https://api.github.com/advisories/GHSA-6XV6-JPVW-CX6Q#CWE-78,2.1.6,https://github.com/nfriedly/node-bestzip/commit/45d4a901478c6a8f396c8b959dd6cf8fd3f955b6,2.1.7,https://github.com/cristianstaicu/SecBench.js/blob/5d362353550a8baa42bba34edd26e5fb86d41b60/command-injection/bestzip_2.1.6/package.json,held_out,,npm_tarball,bestzip,2.1.6,,,npm:bestzip@2.1.6,npm_tarball,bestzip,2.1.7,,,npm:bestzip@2.1.7,in_scope,Pinned SecBench command-injection sink plus advisory/fix evidence supports direct OS process/command execution or command-line argument injection.,os_process_command_execution,SecBench sink lib/bestzip.js:27:27; Command injection in bestzip; prevent shell command injection,https://github.com/advisories/GHSA-6XV6-JPVW-CX6Q|https://github.com/nfriedly/node-bestzip/commit/45d4a901478c6a8f396c8b959dd6cf8fd3f955b6|https://github.com/cristianstaicu/SecBench.js/blob/5d362353550a8baa42bba34edd26e5fb86d41b60/command-injection/bestzip_2.1.6/package.json
secbench-blamer-0.1.13,secbench:blamer,SecBench.js,npm:blamer,CVE-2019-10807,javascript,command-injection,CWE-94,CWE-94,GHSA:https://api.github.com/advisories/GHSA-7VM7-J8P7-H346#CWE-94,0.1.13,https://github.com/kucherenko/blamer/commit/5fada8c9b6986ecd28942b724fa682e77ce1e11c,1.0.1,https://github.com/cristianstaicu/SecBench.js/blob/5d362353550a8baa42bba34edd26e5fb86d41b60/command-injection/blamer_0.1.13/package.json,reserve,,npm_tarball,blamer,0.1.13,,,npm:blamer@0.1.13,npm_tarball,blamer,1.0.1,,,npm:blamer@1.0.1,in_scope,Pinned SecBench command-injection sink plus advisory/fix evidence supports direct OS process/command execution or command-line argument injection.,os_process_command_execution,SecBench sink src/vcs/git.js:24:5; Code injection in blamer; fix(root): Rewrite the project with typescript and fix issue with security of script execution,https://github.com/advisories/GHSA-7VM7-J8P7-H346|https://github.com/kucherenko/blamer/commit/5fada8c9b6986ecd28942b724fa682e77ce1e11c|https://github.com/cristianstaicu/SecBench.js/blob/5d362353550a8baa42bba34edd26e5fb86d41b60/command-injection/blamer_0.1.13/package.json
secbench-clamscan-1.2.0,secbench:clamscan,SecBench.js,npm:clamscan,CVE-2020-7613,javascript,command-injection,CWE-74|CWE-78,cwe_unresolved,"GHSA:https://api.github.com/advisories/GHSA-5v25-xr56-phph#CWE-74,CWE-78",1.2.0,https://github.com/kylefarris/clamscan/commit/5f557c970817fe8c578ec3f7ad3bcbcef4cf5538,1.3.0,https://github.com/cristianstaicu/SecBench.js/blob/5d362353550a8baa42bba34edd26e5fb86d41b60/command-injection/clamscan_1.2.0/package.json|GHSA_SOURCE:https://github.com/kylefarris/clamscan,reserve,,npm_tarball,clamscan,1.2.0,,,npm:clamscan@1.2.0,npm_tarball,clamscan,1.3.0,,,npm:clamscan@1.3.0,in_scope,Pinned SecBench command-injection sink plus advisory/fix evidence supports direct OS process/command execution or command-line argument injection.,os_process_command_execution,SecBench sink index.js:495:36; Clamscan vulnerable to command injection; Merge pull request #45 from 418sec/master,https://github.com/advisories/GHSA-5v25-xr56-phph|https://github.com/kylefarris/clamscan|https://github.com/kylefarris/clamscan/commit/5f557c970817fe8c578ec3f7ad3bcbcef4cf5538|https://github.com/cristianstaicu/SecBench.js/blob/5d362353550a8baa42bba34edd26e5fb86d41b60/command-injection/clamscan_1.2.0/package.json
secbench-codecov-3.6.4,secbench:codecov,SecBench.js,npm:codecov,CVE-2020-15123,javascript,command-injection,CWE-78,CWE-78,GHSA:https://api.github.com/advisories/GHSA-XP63-6VF5-XF3V#CWE-78,3.6.4,https://github.com/codecov/codecov-node/commit/c0711c656686e902af2cd92d6aecc8074de4d83d,3.7.1,https://github.com/cristianstaicu/SecBench.js/blob/5d362353550a8baa42bba34edd26e5fb86d41b60/command-injection/codecov_3.6.4/package.json,development,,npm_tarball,codecov,3.6.4,,,npm:codecov@3.6.4,npm_tarball,codecov,3.7.1,,,npm:codecov@3.7.1,in_scope,Pinned SecBench command-injection sink plus advisory/fix evidence supports direct OS process/command execution or command-line argument injection.,os_process_command_execution,SecBench sink lib/codecov.js:419:7; Command injection in codecov (npm package); Switch from execSync to execFileSync (#180),https://github.com/advisories/GHSA-XP63-6VF5-XF3V|https://github.com/codecov/codecov-node/commit/c0711c656686e902af2cd92d6aecc8074de4d83d|https://github.com/cristianstaicu/SecBench.js/blob/5d362353550a8baa42bba34edd26e5fb86d41b60/command-injection/codecov_3.6.4/package.json
secbench-command-exists-1.2.2,secbench:command-exists,SecBench.js,npm:command-exists,CVE-2019-10776,javascript,command-injection,CWE-78,CWE-78,GHSA:https://api.github.com/advisories/GHSA-84CM-V6JP-GJMR#CWE-78,1.2.2,https://github.com/kellyselden/git-diff-apply/commit/106d61d3ae723b4257c2a13e67b95eb40a27e0b5,0.22.2,https://github.com/cristianstaicu/SecBench.js/blob/5d362353550a8baa42bba34edd26e5fb86d41b60/command-injection/command-exists_1.2.2/package.json,excluded,GHSA advisory package does not match the SecBench npm package; provenance is not reliable for primary evaluation; fixed npm version '0.22.2' does not exist and no unique existing GHSA first_patched_version is available,npm_tarball,command-exists,1.2.2,,,npm:command-exists@1.2.2,npm_tarball,command-exists,0.22.2,,,npm:command-exists@0.22.2,,,,,
secbench-connection-tester-0.2.0,secbench:connection-tester,SecBench.js,npm:connection-tester,CVE-2020-7781,javascript,command-injection,CWE-78,CWE-78,GHSA:https://api.github.com/advisories/GHSA-W5MP-8P8W-MHH8#CWE-78,0.2.0,,0.2.1,https://github.com/cristianstaicu/SecBench.js/blob/5d362353550a8baa42bba34edd26e5fb86d41b60/command-injection/connection-tester_0.2.0/package.json,development,,npm_tarball,connection-tester,0.2.0,,,npm:connection-tester@0.2.0,npm_tarball,connection-tester,0.2.1,,,npm:connection-tester@0.2.1,in_scope,Pinned SecBench command-injection sink plus advisory/fix evidence supports direct OS process/command execution or command-line argument injection.,os_process_command_execution,SecBench sink index.js:15:28; Command injection in connection-tester,https://github.com/advisories/GHSA-W5MP-8P8W-MHH8|https://github.com/cristianstaicu/SecBench.js/blob/5d362353550a8baa42bba34edd26e5fb86d41b60/command-injection/connection-tester_0.2.0/package.json
secbench-curling-0.2.0,secbench:curling,SecBench.js,npm:curling,CVE-2019-10789,javascript,command-injection,CWE-78,CWE-78,GHSA:https://api.github.com/advisories/GHSA-XMXH-G7WJ-8M4M#CWE-78,0.2.0,,1.1.0,https://github.com/cristianstaicu/SecBench.js/blob/5d362353550a8baa42bba34edd26e5fb86d41b60/command-injection/curling_0.2.0/package.json,development,,npm_tarball,curling,0.2.0,,,npm:curling@0.2.0,npm_tarball,curling,1.1.0,,,npm:curling@1.1.0,in_scope,Pinned SecBench command-injection sink plus advisory/fix evidence supports direct OS process/command execution or command-line argument injection.,os_process_command_execution,SecBench sink lib/curl-transport.js:56:3; OS Command Injection in curling,https://github.com/advisories/GHSA-XMXH-G7WJ-8M4M|https://github.com/cristianstaicu/SecBench.js/blob/5d362353550a8baa42bba34edd26e5fb86d41b60/command-injection/curling_0.2.0/package.json
secbench-diskstats-0.0.2,secbench:diskstats,SecBench.js,npm:diskstats,CVE-2018-16462,javascript,command-injection,CWE-77,CWE-77,GHSA:https://api.github.com/advisories/GHSA-9JM3-5835-537M#CWE-77,0.0.2,https://github.com/vincentmorneau/apex-publish-static-files/commit/2209af8f2b65c24aa55ab757e0e05b958c16f063,2.0.1,https://github.com/cristianstaicu/SecBench.js/blob/5d362353550a8baa42bba34edd26e5fb86d41b60/command-injection/diskstats_0.0.2/package.json,excluded,GHSA advisory package does not match the SecBench npm package; provenance is not reliable for primary evaluation; fixed npm version '2.0.1' does not exist and no unique existing GHSA first_patched_version is available,npm_tarball,diskstats,0.0.2,,,npm:diskstats@0.0.2,npm_tarball,diskstats,2.0.1,,,npm:diskstats@2.0.1,,,,,
secbench-diskusage-ng-0.2.6,secbench:diskusage-ng,SecBench.js,npm:diskusage-ng,CVE-2020-7631,javascript,command-injection,CWE-78,CWE-78,GHSA:https://api.github.com/advisories/GHSA-3269-X4PW-VFFG#CWE-78,0.2.6,https://github.com/iximiuz/node-diskusage-ng/commit/48e7e093486b528f0c81ec699573e0e4a431b8d3#diff-38182cfe286a150ebcc88df0ec57ed66,1.0.0,https://github.com/cristianstaicu/SecBench.js/blob/5d362353550a8baa42bba34edd26e5fb86d41b60/command-injection/diskusage-ng_0.2.6/package.json,development,,npm_tarball,diskusage-ng,0.2.6,,,npm:diskusage-ng@0.2.6,npm_tarball,diskusage-ng,1.0.0,,,npm:diskusage-ng@1.0.0,in_scope,Pinned SecBench command-injection sink plus advisory/fix evidence supports direct OS process/command execution or command-line argument injection.,os_process_command_execution,SecBench sink lib/posix.js:11:5; OS Command Injection in diskusage-ng; Use execFile instead of exec,https://github.com/advisories/GHSA-3269-X4PW-VFFG|https://github.com/iximiuz/node-diskusage-ng/commit/48e7e093486b528f0c81ec699573e0e4a431b8d3|https://github.com/cristianstaicu/SecBench.js/blob/5d362353550a8baa42bba34edd26e5fb86d41b60/command-injection/diskusage-ng_0.2.6/package.json
secbench-dns-sync-0.1.0,secbench:dns-sync,SecBench.js,npm:dns-sync,CVE-2014-9682,javascript,command-injection,CWE-77,CWE-77,GHSA:https://api.github.com/advisories/GHSA-Q5PQ-PGRV-FH89#CWE-77,0.1.0,https://github.com/skoranga/node-dns-sync/commit/d9abaae384b198db1095735ad9c1c73d7b890a0d,0.1.3,https://github.com/cristianstaicu/SecBench.js/blob/5d362353550a8baa42bba34edd26e5fb86d41b60/command-injection/dns-sync_0.1.0/package.json|GHSA_SOURCE:https://github.com/skoranga/node-dns-sync,development,,npm_tarball,dns-sync,0.1.0,,,npm:dns-sync@0.1.0,npm_tarball,dns-sync,0.1.3,,,npm:dns-sync@0.1.3,in_scope,Pinned SecBench command-injection sink plus advisory/fix evidence supports direct OS process/command execution or command-line argument injection.,os_process_command_execution,SecBench sink lib/dns-sync.js:21:26; dns-sync command injection vulnerability; adding validation check for hostname,https://github.com/advisories/GHSA-Q5PQ-PGRV-FH89|https://github.com/skoranga/node-dns-sync|https://github.com/skoranga/node-dns-sync/commit/d9abaae384b198db1095735ad9c1c73d7b890a0d|https://github.com/cristianstaicu/SecBench.js/blob/5d362353550a8baa42bba34edd26e5fb86d41b60/command-injection/dns-sync_0.1.0/package.json
secbench-extra-asciinema-1.0.0,secbench:extra-asciinema,SecBench.js,npm:extra-asciinema,secbench:extra-asciinema@1.0.0,javascript,command-injection,,cwe_unresolved,,1.0.0,https://github.com/nodef/extra-asciinema/commit/fd1a8a38d6c72e1eb573b2ab03d5e86de8047480,1.0.23,https://github.com/cristianstaicu/SecBench.js/blob/5d362353550a8baa42bba34edd26e5fb86d41b60/command-injection/extra-asciinema_1.0.0/package.json,reserve,,npm_tarball,extra-asciinema,1.0.0,,,npm:extra-asciinema@1.0.0,npm_tarball,extra-asciinema,1.0.23,,,npm:extra-asciinema@1.0.23,in_scope,Pinned SecBench command-injection sink plus advisory/fix evidence supports direct OS process/command execution or command-line argument injection.,os_process_command_execution,"SecBench sink index.js:208:20; :octopus: mr anderson vs agent smith no more fuel injection for cat, rec, upload",https://github.com/nodef/extra-asciinema/commit/fd1a8a38d6c72e1eb573b2ab03d5e86de8047480|https://github.com/cristianstaicu/SecBench.js/blob/5d362353550a8baa42bba34edd26e5fb86d41b60/command-injection/extra-asciinema_1.0.0/package.json
secbench-get-npm-package-version-1.0.6,secbench:get-npm-package-version,SecBench.js,npm:get-npm-package-version,CVE-2020-7795,javascript,command-injection,CWE-77,CWE-77,GHSA:https://api.github.com/advisories/GHSA-4h66-vghf-xg5x#CWE-77,1.0.6,https://github.com/hoperyy/get-npm-package-version/commit/40b1cf31a0607ea66f9e30a0c3af1383b52b2dec,1.0.7,https://github.com/cristianstaicu/SecBench.js/blob/5d362353550a8baa42bba34edd26e5fb86d41b60/command-injection/get-npm-package-version_1.0.6/package.json|GHSA_SOURCE:https://github.com/hoperyy/get-npm-package-version,development,,npm_tarball,get-npm-package-version,1.0.6,,,npm:get-npm-package-version@1.0.6,npm_tarball,get-npm-package-version,1.0.7,,,npm:get-npm-package-version@1.0.7,in_scope,Pinned SecBench command-injection sink plus advisory/fix evidence supports direct OS process/command execution or command-line argument injection.,os_process_command_execution,SecBench sink index.js:16:48; get-npm-package-version Command Injection vulnerability; feat: add defence to Command Injection,https://github.com/advisories/GHSA-4h66-vghf-xg5x|https://github.com/hoperyy/get-npm-package-version|https://github.com/hoperyy/get-npm-package-version/commit/40b1cf31a0607ea66f9e30a0c3af1383b52b2dec|https://github.com/cristianstaicu/SecBench.js/blob/5d362353550a8baa42bba34edd26e5fb86d41b60/command-injection/get-npm-package-version_1.0.6/package.json
secbench-git-parse-1.0.4,secbench:git-parse,SecBench.js,npm:git-parse,CVE-2021-26543,javascript,command-injection,CWE-74,CWE-74,GHSA:https://api.github.com/advisories/GHSA-m744-2jj8-vpfv#CWE-74,1.0.4,,1.0.5,https://github.com/cristianstaicu/SecBench.js/blob/5d362353550a8baa42bba34edd26e5fb86d41b60/command-injection/git-parse_1.0.4/package.json|GHSA_SOURCE:https://github.com/wayfair/git-parse,reserve,,npm_tarball,git-parse,1.0.4,,,npm:git-parse@1.0.4,npm_tarball,git-parse,1.0.5,,,npm:git-parse@1.0.5,in_scope,Pinned SecBench command-injection sink plus advisory/fix evidence supports direct OS process/command execution or command-line argument injection.,os_process_command_execution,SecBench sink src/git_diff.js:13:3; Command injection in git-parse,https://github.com/advisories/GHSA-m744-2jj8-vpfv|https://github.com/wayfair/git-parse|https://github.com/cristianstaicu/SecBench.js/blob/5d362353550a8baa42bba34edd26e5fb86d41b60/command-injection/git-parse_1.0.4/package.json
secbench-giting-0.0.7,secbench:giting,SecBench.js,npm:giting,CVE-2019-10802,javascript,command-injection,CWE-78,CWE-78,GHSA:https://api.github.com/advisories/GHSA-53XJ-V576-3CH2#CWE-78,0.0.7,https://github.com/MangoRaft/git/commit/9be41081f547d3dcef25e7d7c957bc2a3be2dfe0,0.0.8,https://github.com/cristianstaicu/SecBench.js/blob/5d362353550a8baa42bba34edd26e5fb86d41b60/command-injection/giting_0.0.7/package.json|GHSA_SOURCE:https://github.com/MangoRaft/git,held_out,,npm_tarball,giting,0.0.7,,,npm:giting@0.0.7,npm_tarball,giting,0.0.8,,,npm:giting@0.0.8,in_scope,Pinned SecBench command-injection sink plus advisory/fix evidence supports direct OS process/command execution or command-line argument injection.,os_process_command_execution,SecBench sink lib/git.js:223:8; OS Command Injection in giting,https://github.com/advisories/GHSA-53XJ-V576-3CH2|https://github.com/MangoRaft/git|https://github.com/cristianstaicu/SecBench.js/blob/5d362353550a8baa42bba34edd26e5fb86d41b60/command-injection/giting_0.0.7/package.json
secbench-gm-1.20.0,secbench:gm,SecBench.js,npm:gm,CVE-2015-7982,javascript,command-injection,CWE-77,CWE-77,GHSA:https://api.github.com/advisories/GHSA-PJH3-JV7W-9JPR#CWE-77,1.20.0,,1.21.1,https://github.com/cristianstaicu/SecBench.js/blob/5d362353550a8baa42bba34edd26e5fb86d41b60/command-injection/gm_1.20.0/package.json|GHSA_SOURCE:https://github.com/aheckmann/gm,development,,npm_tarball,gm,1.20.0,,,npm:gm@1.20.0,npm_tarball,gm,1.21.1,,,npm:gm@1.21.1,in_scope,Pinned SecBench command-injection sink plus advisory/fix evidence supports direct OS process/command execution or command-line argument injection.,os_process_command_execution,SecBench sink lib/compare.js:72:5; Command Injection in gm,https://github.com/advisories/GHSA-PJH3-JV7W-9JPR|https://github.com/aheckmann/gm|https://github.com/cristianstaicu/SecBench.js/blob/5d362353550a8baa42bba34edd26e5fb86d41b60/command-injection/gm_1.20.0/package.json
secbench-growl-1.9.0,secbench:growl,SecBench.js,npm:growl,CVE-2017-16042,javascript,command-injection,CWE-78|CWE-94,cwe_unresolved,"GHSA:https://api.github.com/advisories/GHSA-QH2H-CHJ9-JFFQ#CWE-78,CWE-94",1.9.0,https://github.com/tj/node-growl/commit/d71177d5331c9de4658aca62e0ac921f178b0669,1.10.0,https://github.com/cristianstaicu/SecBench.js/blob/5d362353550a8baa42bba34edd26e5fb86d41b60/command-injection/growl_1.9.0/package.json|GHSA_SOURCE:https://github.com/tj/node-growl,reserve,,npm_tarball,growl,1.9.0,,,npm:growl@1.9.0,npm_tarball,growl,1.10.0,,,npm:growl@1.10.0,in_scope,Pinned SecBench command-injection sink plus advisory/fix evidence supports direct OS process/command execution or command-line argument injection.,os_process_command_execution,SecBench sink lib/growl.js:289:3; Growl before 1.10.0 vulnerable to Command Injection; Fix to resolve the command injection vulnerability. (#62),https://github.com/advisories/GHSA-QH2H-CHJ9-JFFQ|https://github.com/tj/node-growl|https://github.com/tj/node-growl/commit/d71177d5331c9de4658aca62e0ac921f178b0669|https://github.com/cristianstaicu/SecBench.js/blob/5d362353550a8baa42bba34edd26e5fb86d41b60/command-injection/growl_1.9.0/package.json
secbench-gry-5.0.8,secbench:gry,SecBench.js,npm:gry,secbench:gry@5.0.8,javascript,command-injection,,cwe_unresolved,,5.0.8,,6.0.0,https://github.com/cristianstaicu/SecBench.js/blob/5d362353550a8baa42bba34edd26e5fb86d41b60/command-injection/gry_5.0.8/package.json,reserve,,npm_tarball,gry,5.0.8,,,npm:gry@5.0.8,npm_tarball,gry,6.0.0,,,npm:gry@6.0.0,in_scope,Pinned SecBench command-injection sink plus advisory/fix evidence supports direct OS process/command execution or command-line argument injection.,os_process_command_execution,SecBench sink lib/index.js:88:20,https://github.com/cristianstaicu/SecBench.js/blob/5d362353550a8baa42bba34edd26e5fb86d41b60/command-injection/gry_5.0.8/package.json
secbench-hot-formula-parser-3.0.0,secbench:hot-formula-parser,SecBench.js,npm:hot-formula-parser,CVE-2020-6836,javascript,command-injection,CWE-94,CWE-94,GHSA:https://api.github.com/advisories/GHSA-RC77-XXQ6-4MFF#CWE-94,3.0.0,https://github.com/handsontable/formula-parser/commit/396b089738d4bf30eb570a4fe6a188affa95cd5e,3.0.1,https://github.com/cristianstaicu/SecBench.js/blob/5d362353550a8baa42bba34edd26e5fb86d41b60/command-injection/hot-formula-parser_3.0.0/package.json|GHSA_SOURCE:https://github.com/handsontable/formula-parser,reserve,,npm_tarball,hot-formula-parser,3.0.0,,,npm:hot-formula-parser@3.0.0,npm_tarball,hot-formula-parser,3.0.1,,,npm:hot-formula-parser@3.0.1,out_of_scope,GHSA/fix shows the vulnerable parse path concatenates input into JavaScript eval; OS execution is only a possible payload after language-level code execution.,language_eval,SecBench sink lib/grammar-parser/grammar-parser.js:258:31; Command Injection in hot-formula-parser; Remove usage of the 'eval' function (#58),https://github.com/advisories/GHSA-RC77-XXQ6-4MFF|https://github.com/handsontable/formula-parser|https://github.com/handsontable/formula-parser/commit/396b089738d4bf30eb570a4fe6a188affa95cd5e|https://github.com/cristianstaicu/SecBench.js/blob/5d362353550a8baa42bba34edd26e5fb86d41b60/command-injection/hot-formula-parser_3.0.0/package.json
secbench-kill-by-port-0.0.1,secbench:kill-by-port,SecBench.js,npm:kill-by-port,CVE-2021-23363,javascript,command-injection,CWE-77,CWE-77,GHSA:https://api.github.com/advisories/GHSA-MM4F-47CH-F7HX#CWE-77,0.0.1,https://github.com/GuyMograbi/kill-by-port/commit/ea5b1f377e196a4492e05ff070eba8b30b7372c4,0.0.2,https://github.com/cristianstaicu/SecBench.js/blob/5d362353550a8baa42bba34edd26e5fb86d41b60/command-injection/kill-by-port_0.0.1/package.json|GHSA_SOURCE:https://github.com/GuyMograbi/kill-by-port,held_out,,npm_tarball,kill-by-port,0.0.1,,,npm:kill-by-port@0.0.1,npm_tarball,kill-by-port,0.0.2,,,npm:kill-by-port@0.0.2,in_scope,Pinned SecBench command-injection sink plus advisory/fix evidence supports direct OS process/command execution or command-line argument injection.,os_process_command_execution,SecBench sink index.js:8:17; Arbitrary code execution in kill-by-port; fix kill by port,https://github.com/advisories/GHSA-MM4F-47CH-F7HX|https://github.com/GuyMograbi/kill-by-port|https://github.com/GuyMograbi/kill-by-port/commit/ea5b1f377e196a4492e05ff070eba8b30b7372c4|https://github.com/cristianstaicu/SecBench.js/blob/5d362353550a8baa42bba34edd26e5fb86d41b60/command-injection/kill-by-port_0.0.1/package.json
secbench-kill-port-process-0.0.1,secbench:kill-port-process,SecBench.js,npm:kill-port-process,CVE-2019-15609,javascript,command-injection,CWE-77|CWE-78,cwe_unresolved,"GHSA:https://api.github.com/advisories/GHSA-xp4x-j9vh-c3wf#CWE-77,CWE-78",0.0.1,,2.2.0,https://github.com/cristianstaicu/SecBench.js/blob/5d362353550a8baa42bba34edd26e5fb86d41b60/command-injection/kill-port-process_0.0.1/package.json|GHSA_SOURCE:https://github.com/hilleer/kill-port-process,reserve,,npm_tarball,kill-port-process,0.0.1,,,npm:kill-port-process@0.0.1,npm_tarball,kill-port-process,2.2.0,,,npm:kill-port-process@2.2.0,in_scope,Pinned SecBench command-injection sink plus advisory/fix evidence supports direct OS process/command execution or command-line argument injection.,os_process_command_execution,SecBench sink src/index.js:44:4; OS Command Injection and Command Injection in kill-port-process,https://github.com/advisories/GHSA-xp4x-j9vh-c3wf|https://github.com/hilleer/kill-port-process|https://github.com/cristianstaicu/SecBench.js/blob/5d362353550a8baa42bba34edd26e5fb86d41b60/command-injection/kill-port-process_0.0.1/package.json
secbench-killport-1.0.1,secbench:killport,SecBench.js,npm:killport,CVE-2021-23360,javascript,command-injection,CWE-77,CWE-77,GHSA:https://api.github.com/advisories/GHSA-FC42-H7Q4-QP8H#CWE-77,1.0.1,https://github.com/ssnau/killport/commit/bec8e371f170a12e11cd222ffc7a6e1ae9942638,1.0.2,https://github.com/cristianstaicu/SecBench.js/blob/5d362353550a8baa42bba34edd26e5fb86d41b60/command-injection/killport_1.0.1/package.json,development,,npm_tarball,killport,1.0.1,,,npm:killport@1.0.1,npm_tarball,killport,1.0.2,,,npm:killport@1.0.2,in_scope,Pinned SecBench command-injection sink plus advisory/fix evidence supports direct OS process/command execution or command-line argument injection.,os_process_command_execution,SecBench sink index.js:9:8; Command Injection in killport; fix a vulnerability issue if a provided port is not a number,https://github.com/advisories/GHSA-FC42-H7Q4-QP8H|https://github.com/ssnau/killport/commit/bec8e371f170a12e11cd222ffc7a6e1ae9942638|https://github.com/cristianstaicu/SecBench.js/blob/5d362353550a8baa42bba34edd26e5fb86d41b60/command-injection/killport_1.0.1/package.json
secbench-libnmap-0.4.11,secbench:libnmap,SecBench.js,npm:libnmap,CVE-2018-16461,javascript,command-injection,CWE-77,CWE-77,GHSA:https://api.github.com/advisories/GHSA-7G2W-6R25-2J7P#CWE-77,0.4.11,https://github.com/jas-/node-libnmap/commit/c235b24b0342e12a5dbf502f89daabe95883b6c8,0.4.16,https://github.com/cristianstaicu/SecBench.js/blob/5d362353550a8baa42bba34edd26e5fb86d41b60/command-injection/libnmap_0.4.11/package.json,development,,npm_tarball,libnmap,0.4.11,,,npm:libnmap@0.4.11,npm_tarball,libnmap,0.4.16,,,npm:libnmap@0.4.16,in_scope,Pinned SecBench command-injection sink plus advisory/fix evidence supports direct OS process/command execution or command-line argument injection.,os_process_command_execution,SecBench sink lib/classes/tools.js:114:25; Command Injection in libnmap; v0.4.16: Version bump & move to a stream object with .spawn(),https://github.com/advisories/GHSA-7G2W-6R25-2J7P|https://github.com/jas-/node-libnmap/commit/c235b24b0342e12a5dbf502f89daabe95883b6c8|https://github.com/cristianstaicu/SecBench.js/blob/5d362353550a8baa42bba34edd26e5fb86d41b60/command-injection/libnmap_0.4.11/package.json
secbench-local-devices-2.0.0,secbench:local-devices,SecBench.js,npm:local-devices,secbench:local-devices@2.0.0,javascript,command-injection,CWE-77,CWE-77,GHSA:https://api.github.com/advisories/GHSA-W725-67P7-XV22#CWE-77,2.0.0,,3.0.0,https://github.com/cristianstaicu/SecBench.js/blob/5d362353550a8baa42bba34edd26e5fb86d41b60/command-injection/local-devices_2.0.0/package.json|GHSA_SOURCE:https://github.com/DylanPiercey/local-devices,development,,npm_tarball,local-devices,2.0.0,,,npm:local-devices@2.0.0,npm_tarball,local-devices,3.0.0,,,npm:local-devices@3.0.0,in_scope,Pinned SecBench command-injection sink plus advisory/fix evidence supports direct OS process/command execution or command-line argument injection.,os_process_command_execution,SecBench sink src/index.js:114:13; Command Injection in local-devices,https://github.com/advisories/GHSA-W725-67P7-XV22|https://github.com/DylanPiercey/local-devices|https://github.com/cristianstaicu/SecBench.js/blob/5d362353550a8baa42bba34edd26e5fb86d41b60/command-injection/local-devices_2.0.0/package.json
secbench-macaddress-0.2.8,secbench:macaddress,SecBench.js,npm:macaddress,CVE-2018-13797,javascript,command-injection,CWE-78,CWE-78,GHSA:https://api.github.com/advisories/GHSA-PP57-MQMH-44H7#CWE-78,0.2.8,https://github.com/scravy/node-macaddress/commit/358fd594adb196a86b94ac9c691f69fe5dad2332,0.2.9,https://github.com/cristianstaicu/SecBench.js/blob/5d362353550a8baa42bba34edd26e5fb86d41b60/command-injection/macaddress_0.2.8/package.json|GHSA_SOURCE:https://github.com/scravy/node-macaddress,held_out,,npm_tarball,macaddress,0.2.8,,,npm:macaddress@0.2.8,npm_tarball,macaddress,0.2.9,,,npm:macaddress@0.2.9,in_scope,Pinned SecBench command-injection sink plus advisory/fix evidence supports direct OS process/command execution or command-line argument injection.,os_process_command_execution,SecBench sink lib/unix.js:4:5; Command Injection in macaddress; Merge pull request #20 from flypapertech/fixCommandInjection,https://github.com/advisories/GHSA-PP57-MQMH-44H7|https://github.com/scravy/node-macaddress|https://github.com/scravy/node-macaddress/commit/358fd594adb196a86b94ac9c691f69fe5dad2332|https://github.com/cristianstaicu/SecBench.js/blob/5d362353550a8baa42bba34edd26e5fb86d41b60/command-injection/macaddress_0.2.8/package.json
secbench-open-0.0.5,secbench:open,SecBench.js,npm:open,secbench:open@0.0.5,javascript,command-injection,CWE-77,CWE-77,GHSA:https://api.github.com/advisories/GHSA-28XH-WPGR-7FM8#CWE-77,0.0.5,,6.0.0,https://github.com/cristianstaicu/SecBench.js/blob/5d362353550a8baa42bba34edd26e5fb86d41b60/command-injection/open_0.0.5/package.json,development,,npm_tarball,open,0.0.5,,,npm:open@0.0.5,npm_tarball,open,6.0.0,,,npm:open@6.0.0,in_scope,Pinned SecBench command-injection sink plus advisory/fix evidence supports direct OS process/command execution or command-line argument injection.,os_process_command_execution,SecBench sink lib/open.js:58:10; Command Injection in open,https://github.com/advisories/GHSA-28XH-WPGR-7FM8|https://github.com/cristianstaicu/SecBench.js/blob/5d362353550a8baa42bba34edd26e5fb86d41b60/command-injection/open_0.0.5/package.json
secbench-pdf-image-1.0.5,secbench:pdf-image,SecBench.js,npm:pdf-image,CVE-2018-3757,javascript,command-injection,CWE-78,CWE-78,GHSA:https://api.github.com/advisories/GHSA-5GWH-G79J-VH4Q#CWE-78,1.0.5,https://github.com/roest01/node-pdf-image/commit/54679496a89738443917608c2bbe2f6e5dd20e83,2.0.0,https://github.com/cristianstaicu/SecBench.js/blob/5d362353550a8baa42bba34edd26e5fb86d41b60/command-injection/pdf-image_1.0.5/package.json|GHSA_SOURCE:https://github.com/roest01/node-pdf-image,development,,npm_tarball,pdf-image,1.0.5,,,npm:pdf-image@1.0.5,npm_tarball,pdf-image,2.0.0,,,npm:pdf-image@2.0.0,in_scope,Pinned SecBench command-injection sink plus advisory/fix evidence supports direct OS process/command execution or command-line argument injection.,os_process_command_execution,"SecBench sink index.js:43:7; Command Injection in pdf-image; resolve #340208 - Command injection in 'pdf-image', Severity:Medium (6.1) - fix #38 - solution for v2",https://github.com/advisories/GHSA-5GWH-G79J-VH4Q|https://github.com/roest01/node-pdf-image|https://github.com/roest01/node-pdf-image/commit/54679496a89738443917608c2bbe2f6e5dd20e83|https://github.com/cristianstaicu/SecBench.js/blob/5d362353550a8baa42bba34edd26e5fb86d41b60/command-injection/pdf-image_1.0.5/package.json
secbench-pdfinfojs-0.3.6,secbench:pdfinfojs,SecBench.js,npm:pdfinfojs,CVE-2018-3746,javascript,command-injection,CWE-77|CWE-78,cwe_unresolved,"GHSA:https://api.github.com/advisories/GHSA-3PXP-6963-46R9#CWE-77,CWE-78",0.3.6,,0.4.1,https://github.com/cristianstaicu/SecBench.js/blob/5d362353550a8baa42bba34edd26e5fb86d41b60/command-injection/pdfinfojs_0.3.6/package.json,reserve,,npm_tarball,pdfinfojs,0.3.6,,,npm:pdfinfojs@0.3.6,npm_tarball,pdfinfojs,0.4.1,,,npm:pdfinfojs@0.4.1,in_scope,Pinned SecBench command-injection sink plus advisory/fix evidence supports direct OS process/command execution or command-line argument injection.,os_process_command_execution,SecBench sink lib/pdfinfo.js:47:23; Command Injection in pdfinfojs,https://github.com/advisories/GHSA-3PXP-6963-46R9|https://github.com/cristianstaicu/SecBench.js/blob/5d362353550a8baa42bba34edd26e5fb86d41b60/command-injection/pdfinfojs_0.3.6/package.json
secbench-pidusage-1.0.0,secbench:pidusage,SecBench.js,npm:pidusage,CVE-2017-16034,javascript,command-injection,CWE-77,CWE-77,GHSA:https://api.github.com/advisories/GHSA-HFQ9-RFPV-J8R8#CWE-77,1.0.0,https://github.com/soyuka/pidusage/commit/b70eca15f7ca7f1b82a15f8a5d4bb48737f5a89d,1.1.5,https://github.com/cristianstaicu/SecBench.js/blob/5d362353550a8baa42bba34edd26e5fb86d41b60/command-injection/pidusage_1.0.0/package.json,held_out,,npm_tarball,pidusage,1.0.0,,,npm:pidusage@1.0.0,npm_tarball,pidusage,1.1.5,,,npm:pidusage@1.1.5,in_scope,Pinned SecBench command-injection sink plus advisory/fix evidence supports direct OS process/command execution or command-line argument injection.,os_process_command_execution,SecBench sink lib/stats.js:108:5; Command Injection in pidusage; cast pid as integer,https://github.com/advisories/GHSA-HFQ9-RFPV-J8R8|https://github.com/soyuka/pidusage/commit/b70eca15f7ca7f1b82a15f8a5d4bb48737f5a89d|https://github.com/cristianstaicu/SecBench.js/blob/5d362353550a8baa42bba34edd26e5fb86d41b60/command-injection/pidusage_1.0.0/package.json
secbench-portprocesses-1.0.4,secbench:portprocesses,SecBench.js,npm:portprocesses,CVE-2021-23348,javascript,command-injection,CWE-77|CWE-78,cwe_unresolved,"GHSA:https://api.github.com/advisories/GHSA-VM67-7VMG-66VM#CWE-77,CWE-78",1.0.4,https://github.com/rrainn/PortProcesses/commit/86811216c9b97b01b5722f879f8c88a7aa4214e1,1.0.5,https://github.com/cristianstaicu/SecBench.js/blob/5d362353550a8baa42bba34edd26e5fb86d41b60/command-injection/portprocesses_1.0.4/package.json,reserve,,npm_tarball,portprocesses,1.0.4,,,npm:portprocesses@1.0.4,npm_tarball,portprocesses,1.0.5,,,npm:portprocesses@1.0.5,in_scope,Pinned SecBench command-injection sink plus advisory/fix evidence supports direct OS process/command execution or command-line argument injection.,os_process_command_execution,SecBench sink exec.js:5:3; Arbitrary Command Injection in portprocesses; Merge pull request from GHSA-vm67-7vmg-66vm,https://github.com/advisories/GHSA-VM67-7VMG-66VM|https://github.com/rrainn/PortProcesses/commit/86811216c9b97b01b5722f879f8c88a7aa4214e1|https://github.com/cristianstaicu/SecBench.js/blob/5d362353550a8baa42bba34edd26e5fb86d41b60/command-injection/portprocesses_1.0.4/package.json
secbench-ps-0.0.2,secbench:ps,SecBench.js,npm:ps,CVE-2018-16460,javascript,command-injection,CWE-77|CWE-78,cwe_unresolved,"GHSA:https://api.github.com/advisories/GHSA-CFHG-9X44-78H2#CWE-77,CWE-78",0.0.2,,1.0.0,https://github.com/cristianstaicu/SecBench.js/blob/5d362353550a8baa42bba34edd26e5fb86d41b60/command-injection/ps_0.0.2/package.json,reserve,,npm_tarball,ps,0.0.2,,,npm:ps@0.0.2,npm_tarball,ps,1.0.0,,,npm:ps@1.0.0,in_scope,Pinned SecBench command-injection sink plus advisory/fix evidence supports direct OS process/command execution or command-line argument injection.,os_process_command_execution,SecBench sink lib/index.js:8:5; ps Enables OS Command Injection,https://github.com/advisories/GHSA-CFHG-9X44-78H2|https://github.com/cristianstaicu/SecBench.js/blob/5d362353550a8baa42bba34edd26e5fb86d41b60/command-injection/ps_0.0.2/package.json
secbench-react-dev-utils-11.0.0,secbench:react-dev-utils,SecBench.js,npm:react-dev-utils,CVE-2021-24033,javascript,command-injection,CWE-78,CWE-78,GHSA:https://api.github.com/advisories/GHSA-5Q6M-3H65-W53X#CWE-78,11.0.0,,11.0.4,https://github.com/cristianstaicu/SecBench.js/blob/5d362353550a8baa42bba34edd26e5fb86d41b60/command-injection/react-dev-utils_11.0.0/package.json|GHSA_SOURCE:https://github.com/facebook/create-react-app,development,,npm_tarball,react-dev-utils,11.0.0,,,npm:react-dev-utils@11.0.0,npm_tarball,react-dev-utils,11.0.4,,,npm:react-dev-utils@11.0.4,in_scope,Pinned SecBench command-injection sink plus advisory/fix evidence supports direct OS process/command execution or command-line argument injection.,os_process_command_execution,SecBench sink getProcessForPort.js:28:10; react-dev-utils OS Command Injection in function `getProcessForPort`,https://github.com/advisories/GHSA-5Q6M-3H65-W53X|https://github.com/facebook/create-react-app|https://github.com/cristianstaicu/SecBench.js/blob/5d362353550a8baa42bba34edd26e5fb86d41b60/command-injection/react-dev-utils_11.0.0/package.json
secbench-samsung-remote-1.2.5,secbench:samsung-remote,SecBench.js,npm:samsung-remote,CVE-2021-29300,javascript,command-injection,CWE-77,CWE-77,GHSA:https://api.github.com/advisories/GHSA-FG5W-W99F-RJ6W#CWE-77,1.2.5,https://github.com/ronomon/opened/commit/7effe011d4fea8fac7f78c00615e0a6e69af68ec,1.5.2,https://github.com/cristianstaicu/SecBench.js/blob/5d362353550a8baa42bba34edd26e5fb86d41b60/command-injection/samsung-remote_1.2.5/package.json|GHSA_SOURCE:https://github.com/ronomon/opened,excluded,GHSA advisory package does not match the SecBench npm package; provenance is not reliable for primary evaluation,npm_tarball,samsung-remote,1.2.5,,,npm:samsung-remote@1.2.5,npm_tarball,samsung-remote,1.5.2,,,npm:samsung-remote@1.5.2,,,,,
secbench-scp-0.0.3,secbench:scp,SecBench.js,npm:scp,CVE-2019-10776,javascript,command-injection,CWE-78,CWE-78,GHSA:https://api.github.com/advisories/GHSA-84CM-V6JP-GJMR#CWE-78,0.0.3,https://github.com/kellyselden/git-diff-apply/commit/106d61d3ae723b4257c2a13e67b95eb40a27e0b5,0.22.2,https://github.com/cristianstaicu/SecBench.js/blob/5d362353550a8baa42bba34edd26e5fb86d41b60/command-injection/scp_0.0.3/package.json,excluded,GHSA advisory package does not match the SecBench npm package; provenance is not reliable for primary evaluation; fixed npm version '0.22.2' does not exist and no unique existing GHSA first_patched_version is available,npm_tarball,scp,0.0.3,,,npm:scp@0.0.3,npm_tarball,scp,0.22.2,,,npm:scp@0.22.2,,,,,
secbench-thi.ng-egf-0.3.0,secbench:@thi.ng/egf,SecBench.js,npm:@thi.ng/egf,CVE-2021-21412,javascript,command-injection,CWE-78,CWE-78,GHSA:https://api.github.com/advisories/GHSA-RJ44-GPJC-29R7#CWE-78,0.3.0,https://github.com/thi-ng/umbrella/commit/88f61656e5f5cfba960013b8133186389efaf243,0.4.0,https://github.com/cristianstaicu/SecBench.js/blob/5d362353550a8baa42bba34edd26e5fb86d41b60/command-injection/thi.ng-egf_0.3.0/package.json,development,,npm_tarball,@thi.ng/egf,0.3.0,,,npm:@thi.ng/egf@0.3.0,npm_tarball,@thi.ng/egf,0.4.0,,,npm:@thi.ng/egf@0.4.0,in_scope,Pinned SecBench command-injection sink plus advisory/fix evidence supports direct OS process/command execution or command-line argument injection.,os_process_command_execution,SecBench sink lib/index.js:157:29; [thi.ng/egf] Potential arbitrary code execution of `#gpg`-tagged property values; Merge pull request from GHSA-rj44-gpjc-29r7,https://github.com/advisories/GHSA-RJ44-GPJC-29R7|https://github.com/thi-ng/umbrella/commit/88f61656e5f5cfba960013b8133186389efaf243|https://github.com/cristianstaicu/SecBench.js/blob/5d362353550a8baa42bba34edd26e5fb86d41b60/command-injection/thi.ng-egf_0.3.0/package.json
secbench-total.js-3.4.6,secbench:total.js,SecBench.js,npm:total.js,CVE-2020-28494,javascript,command-injection,CWE-78,CWE-78,GHSA:https://api.github.com/advisories/GHSA-4449-HG37-77V8#CWE-78,3.4.6,https://github.com/totaljs/framework/commit/6192491ab2631e7c1d317c221f18ea613e2c18a5,3.4.7,https://github.com/cristianstaicu/SecBench.js/blob/5d362353550a8baa42bba34edd26e5fb86d41b60/command-injection/total.js_3.4.6/package.json,held_out,,npm_tarball,total.js,3.4.6,,,npm:total.js@3.4.6,npm_tarball,total.js,3.4.7,,,npm:total.js@3.4.7,in_scope,Pinned SecBench command-injection sink plus advisory/fix evidence supports direct OS process/command execution or command-line argument injection.,os_process_command_execution,"SecBench sink image.js:329:12; Command injection in total.js; Fixed ""Command Injection"" in `image.stream()` - thank to Sam Sanoop.",https://github.com/advisories/GHSA-4449-HG37-77V8|https://github.com/totaljs/framework/commit/6192491ab2631e7c1d317c221f18ea613e2c18a5|https://github.com/cristianstaicu/SecBench.js/blob/5d362353550a8baa42bba34edd26e5fb86d41b60/command-injection/total.js_3.4.6/package.json
secbench-whereis-0.4.0,secbench:whereis,SecBench.js,npm:whereis,CVE-2018-3772,javascript,command-injection,CWE-77,CWE-77,GHSA:https://api.github.com/advisories/GHSA-WJR4-2JGW-HMV8#CWE-77,0.4.0,https://github.com/vvo/node-whereis/commit/0f64e3780235004fb6e43bfd153ea3e0e210ee2b,0.4.1,https://github.com/cristianstaicu/SecBench.js/blob/5d362353550a8baa42bba34edd26e5fb86d41b60/command-injection/whereis_0.4.0/package.json,held_out,,npm_tarball,whereis,0.4.0,,,npm:whereis@0.4.0,npm_tarball,whereis,0.4.1,,,npm:whereis@0.4.1,in_scope,Pinned SecBench command-injection sink plus advisory/fix evidence supports direct OS process/command execution or command-line argument injection.,os_process_command_execution,SecBench sink index.js:4:6; Command Injection in whereis; fix(security): escape arguments when feasible,https://github.com/advisories/GHSA-WJR4-2JGW-HMV8|https://github.com/vvo/node-whereis/commit/0f64e3780235004fb6e43bfd153ea3e0e210ee2b|https://github.com/cristianstaicu/SecBench.js/blob/5d362353550a8baa42bba34edd26e5fb86d41b60/command-injection/whereis_0.4.0/package.json
secbench-find-process-1.4.4,secbench:find-process,SecBench.js,npm:find-process,CVE-2019-10788,javascript,command-injection,CWE-78,CWE-78,GHSA:https://api.github.com/advisories/GHSA-QFXV-QQVG-24PG#CWE-78,1.4.4,https://github.com/Turistforeningen/node-im-metadata/commit/ea15dddbe0f65694bfde36b78dd488e90f246639,,https://github.com/cristianstaicu/SecBench.js/blob/5d362353550a8baa42bba34edd26e5fb86d41b60/command-injection/find-process_1.4.4/package.json,excluded,SecBench.js fixedVersion is unavailable; fixed npm tarball cannot be materialized under the adopted source policy; GHSA advisory package does not match the SecBench npm package; provenance is not reliable for primary evaluation,npm_tarball,find-process,1.4.4,,,npm:find-process@1.4.4,,,,,,,,,,,
secbench-im-metadata-3.0.1,secbench:im-metadata,SecBench.js,npm:im-metadata,CVE-2019-10788,javascript,command-injection,CWE-78,CWE-78,GHSA:https://api.github.com/advisories/GHSA-QFXV-QQVG-24PG#CWE-78,3.0.1,https://github.com/Turistforeningen/node-im-metadata/commit/ea15dddbe0f65694bfde36b78dd488e90f246639,,https://github.com/cristianstaicu/SecBench.js/blob/5d362353550a8baa42bba34edd26e5fb86d41b60/command-injection/im-metadata_3.0.1/package.json,excluded,SecBench.js fixedVersion is unavailable; fixed npm tarball cannot be materialized under the adopted source policy,npm_tarball,im-metadata,3.0.1,,,npm:im-metadata@3.0.1,,,,,,,,,,,
secbench-im-resize-2.3.2,secbench:im-resize,SecBench.js,npm:im-resize,CVE-2019-10787,javascript,command-injection,CWE-78,CWE-78,GHSA:https://api.github.com/advisories/GHSA-R9VM-RHMF-7HXX#CWE-78,2.3.2,https://github.com/Turistforeningen/node-im-resize/commit/de624dacf6a50e39fe3472af1414d44937ce1f03,,https://github.com/cristianstaicu/SecBench.js/blob/5d362353550a8baa42bba34edd26e5fb86d41b60/command-injection/im-resize_2.3.2/package.json,excluded,SecBench.js fixedVersion is unavailable; fixed npm tarball cannot be materialized under the adopted source policy,npm_tarball,im-resize,2.3.2,,,npm:im-resize@2.3.2,,,,,,,,,,,
secbench-macfromip-1.1.1,secbench:macfromip,SecBench.js,npm:macfromip,CVE-2020-7786,javascript,command-injection,CWE-74,CWE-74,GHSA:https://api.github.com/advisories/GHSA-VH8F-XW5V-8993#CWE-74,1.1.1,https://github.com/bcamarneiro/macfromip/commit/1bbed8cd6f8299ad2e9d028e0ed0771340ab8391,,https://github.com/cristianstaicu/SecBench.js/blob/5d362353550a8baa42bba34edd26e5fb86d41b60/command-injection/macfromip_1.1.1/package.json,excluded,SecBench.js fixedVersion is unavailable; fixed npm tarball cannot be materialized under the adopted source policy,npm_tarball,macfromip,1.1.1,,,npm:macfromip@1.1.1,,,,,,,,,,,
secbench-strider-git-1.0.3,secbench:strider-git,SecBench.js,npm:strider-git,CVE-2019-10788,javascript,command-injection,CWE-78,CWE-78,GHSA:https://api.github.com/advisories/GHSA-QFXV-QQVG-24PG#CWE-78,1.0.3,https://github.com/Turistforeningen/node-im-metadata/commit/ea15dddbe0f65694bfde36b78dd488e90f246639,,https://github.com/cristianstaicu/SecBench.js/blob/5d362353550a8baa42bba34edd26e5fb86d41b60/command-injection/strider-git_1.0.3/package.json,excluded,SecBench.js fixedVersion is unavailable; fixed npm tarball cannot be materialized under the adopted source policy; GHSA advisory package does not match the SecBench npm package; provenance is not reliable for primary evaluation,npm_tarball,strider-git,1.0.3,,,npm:strider-git@1.0.3,,,,,,,,,,,
secbench-vboxmanage.js-1.0.6,secbench:vboxmanage.js,SecBench.js,npm:vboxmanage.js,CVE-2019-10783,javascript,command-injection,CWE-78,CWE-78,GHSA:https://api.github.com/advisories/GHSA-WHQ6-MJ2R-MJQC#CWE-78,1.0.6,https://github.com/danielgindi/node-vboxmanage/commit/8efe421dd19c474cbdeb0908cbcc7aabfe343d5e,,https://github.com/cristianstaicu/SecBench.js/blob/5d362353550a8baa42bba34edd26e5fb86d41b60/command-injection/vboxmanage.js_1.0.6/package.json,excluded,SecBench.js fixedVersion is unavailable; fixed npm tarball cannot be materialized under the adopted source policy; GHSA advisory package does not match the SecBench npm package; provenance is not reliable for primary evaluation,npm_tarball,vboxmanage.js,1.0.6,,,npm:vboxmanage.js@1.0.6,,,,,,,,,,,
secbench-xps-1.0.2,secbench:xps,SecBench.js,npm:xps,CVE-2019-15597,javascript,command-injection,CWE-94,CWE-94,GHSA:https://api.github.com/advisories/GHSA-WP7M-MRVF-599C#CWE-94,1.0.2,https://github.com/sorellabs/xps/commit/768481146b8ead3811310eecc0f56e2d107cb740,,https://github.com/cristianstaicu/SecBench.js/blob/5d362353550a8baa42bba34edd26e5fb86d41b60/command-injection/xps_1.0.2/package.json|GHSA_SOURCE:https://github.com/adriano-di-giovanni/node-df,excluded,SecBench.js fixedVersion is unavailable; fixed npm tarball cannot be materialized under the adopted source policy; GHSA advisory package does not match the SecBench npm package; provenance is not reliable for primary evaluation,npm_tarball,xps,1.0.2,,,npm:xps@1.0.2,,,,,,,,,,,
pyvul-django-django-e1e81aa1c442,pyvul:django/django,PyVul,django/django,pyvul:e1e81aa1c4427411e3c68facdd761229ffea6f6f,python,CWE-88,CWE-88,CWE-88,https://github.com/billquan/PyVul/blob/1172bfd1579b4ad2a524549412170d08ca618fb3/dataset/commits_cwe_map.json,a708f39ce67af174df90c5b5e50ad1976cec7cb8,e1e81aa1c4427411e3c68facdd761229ffea6f6f,e1e81aa1c4427411e3c68facdd761229ffea6f6f,https://github.com/billquan/PyVul/blob/1172bfd1579b4ad2a524549412170d08ca618fb3/dataset/commit_level_dataset.out|https://github.com/billquan/PyVul/blob/1172bfd1579b4ad2a524549412170d08ca618fb3/dataset/commits_cwe_map.json|https://github.com/django/django/commit/e1e81aa1c4427411e3c68facdd761229ffea6f6f,development,,github_tarball,,,django/django,a708f39ce67af174df90c5b5e50ad1976cec7cb8,github:django/django@a708f39ce67af174df90c5b5e50ad1976cec7cb8,github_tarball,,,django/django,e1e81aa1c4427411e3c68facdd761229ffea6f6f,github:django/django@e1e81aa1c4427411e3c68facdd761229ffea6f6f,out_of_scope,Header/URL validation fix; no OS process/command execution sink.,header_url_validation,No qualifying Linux/POSIX OS command-execution sink established for the reviewed vulnerability.,https://github.com/django/django/commit/e1e81aa1c4427411e3c68facdd761229ffea6f6f
pyvul-jaspernbrouwer-powerline-gitstatus-fe8e963b3489,pyvul:jaspernbrouwer/powerline-gitstatus,PyVul,jaspernbrouwer/powerline-gitstatus,pyvul:fe8e963b3489e4cceaa2c1f26f2bcc2ef405364c,python,CWE-77,CWE-77,CWE-77,https://github.com/billquan/PyVul/blob/1172bfd1579b4ad2a524549412170d08ca618fb3/dataset/commits_cwe_map.json,8000c7f41305ddb421528dd00b6292ffd121c2c2,fe8e963b3489e4cceaa2c1f26f2bcc2ef405364c,fe8e963b3489e4cceaa2c1f26f2bcc2ef405364c,https://github.com/billquan/PyVul/blob/1172bfd1579b4ad2a524549412170d08ca618fb3/dataset/commit_level_dataset.out|https://github.com/billquan/PyVul/blob/1172bfd1579b4ad2a524549412170d08ca618fb3/dataset/commits_cwe_map.json|https://github.com/jaspernbrouwer/powerline-gitstatus/commit/fe8e963b3489e4cceaa2c1f26f2bcc2ef405364c,held_out,,github_tarball,,,jaspernbrouwer/powerline-gitstatus,8000c7f41305ddb421528dd00b6292ffd121c2c2,github:jaspernbrouwer/powerline-gitstatus@8000c7f41305ddb421528dd00b6292ffd121c2c2,github_tarball,,,jaspernbrouwer/powerline-gitstatus,fe8e963b3489e4cceaa2c1f26f2bcc2ef405364c,github:jaspernbrouwer/powerline-gitstatus@fe8e963b3489e4cceaa2c1f26f2bcc2ef405364c,in_scope,Fix mitigates command injection through Git command execution.,os_command_argument_injection,Fix mitigates command injection through Git command execution.,https://github.com/jaspernbrouwer/powerline-gitstatus/commit/fe8e963b3489e4cceaa2c1f26f2bcc2ef405364c
pyvul-tensorflow-tensorflow-8b202f08d52e,pyvul:tensorflow/tensorflow,PyVul,tensorflow/tensorflow,pyvul:8b202f08d52e8206af2bdb2112a62fafbc546ec7,python,CWE-78,CWE-78,CWE-78,https://github.com/billquan/PyVul/blob/1172bfd1579b4ad2a524549412170d08ca618fb3/dataset/commits_cwe_map.json,349172cf0ac29ba1346d244a40dc4761b4600f2e,8b202f08d52e8206af2bdb2112a62fafbc546ec7,8b202f08d52e8206af2bdb2112a62fafbc546ec7,https://github.com/billquan/PyVul/blob/1172bfd1579b4ad2a524549412170d08ca618fb3/dataset/commit_level_dataset.out|https://github.com/billquan/PyVul/blob/1172bfd1579b4ad2a524549412170d08ca618fb3/dataset/commits_cwe_map.json|https://github.com/tensorflow/tensorflow/commit/8b202f08d52e8206af2bdb2112a62fafbc546ec7,held_out,,github_tarball,,,tensorflow/tensorflow,349172cf0ac29ba1346d244a40dc4761b4600f2e,github:tensorflow/tensorflow@349172cf0ac29ba1346d244a40dc4761b4600f2e,github_tarball,,,tensorflow/tensorflow,8b202f08d52e8206af2bdb2112a62fafbc546ec7,github:tensorflow/tensorflow@8b202f08d52e8206af2bdb2112a62fafbc546ec7,out_of_scope,Fix replaces Python eval with literal_eval; vulnerability is language-level code evaluation.,language_eval,No qualifying Linux/POSIX OS command-execution sink established for the reviewed vulnerability.,https://github.com/tensorflow/tensorflow/commit/8b202f08d52e8206af2bdb2112a62fafbc546ec7
pyvul-google-slo-generator-36318beab1b8,pyvul:google/slo-generator,PyVul,google/slo-generator,pyvul:36318beab1b85d14bb860e45bea186b184690d5d,python,CWE-78,CWE-78,CWE-78,https://github.com/billquan/PyVul/blob/1172bfd1579b4ad2a524549412170d08ca618fb3/dataset/commits_cwe_map.json,50ce1bf81d7c6a97da52cf167b1d3ee8100ddd90,36318beab1b85d14bb860e45bea186b184690d5d,36318beab1b85d14bb860e45bea186b184690d5d,https://github.com/billquan/PyVul/blob/1172bfd1579b4ad2a524549412170d08ca618fb3/dataset/commit_level_dataset.out|https://github.com/billquan/PyVul/blob/1172bfd1579b4ad2a524549412170d08ca618fb3/dataset/commits_cwe_map.json|https://github.com/google/slo-generator/commit/36318beab1b85d14bb860e45bea186b184690d5d,development,,github_tarball,,,google/slo-generator,50ce1bf81d7c6a97da52cf167b1d3ee8100ddd90,github:google/slo-generator@50ce1bf81d7c6a97da52cf167b1d3ee8100ddd90,github_tarball,,,google/slo-generator,36318beab1b85d14bb860e45bea186b184690d5d,github:google/slo-generator@36318beab1b85d14bb860e45bea186b184690d5d,out_of_scope,Fix replaces unsafe YAML loader with SafeLoader; vulnerability is unsafe deserialization.,unsafe_deserialization,No qualifying Linux/POSIX OS command-execution sink established for the reviewed vulnerability.,https://github.com/google/slo-generator/commit/36318beab1b85d14bb860e45bea186b184690d5d
pyvul-jupyterhub-binderhub-195caac17269,pyvul:jupyterhub/binderhub,PyVul,jupyterhub/binderhub,pyvul:195caac172690456dcdc8cc7a6ca50e05abf8182,python,CWE-78,CWE-78,CWE-78,https://github.com/billquan/PyVul/blob/1172bfd1579b4ad2a524549412170d08ca618fb3/dataset/commits_cwe_map.json,034430adc8ed379135f3ef46ee6ca650781ef67c,195caac172690456dcdc8cc7a6ca50e05abf8182,195caac172690456dcdc8cc7a6ca50e05abf8182,https://github.com/billquan/PyVul/blob/1172bfd1579b4ad2a524549412170d08ca618fb3/dataset/commit_level_dataset.out|https://github.com/billquan/PyVul/blob/1172bfd1579b4ad2a524549412170d08ca618fb3/dataset/commits_cwe_map.json|https://github.com/jupyterhub/binderhub/commit/195caac172690456dcdc8cc7a6ca50e05abf8182,held_out,,github_tarball,,,jupyterhub/binderhub,034430adc8ed379135f3ef46ee6ca650781ef67c,github:jupyterhub/binderhub@034430adc8ed379135f3ef46ee6ca650781ef67c,github_tarball,,,jupyterhub/binderhub,195caac172690456dcdc8cc7a6ca50e05abf8182,github:jupyterhub/binderhub@195caac172690456dcdc8cc7a6ca50e05abf8182,in_scope,"Fix adds '--' to git ls-remote arguments, preventing option/argument injection into an OS command.",os_command_argument_injection,"Fix adds '--' to git ls-remote arguments, preventing option/argument injection into an OS command.",https://github.com/jupyterhub/binderhub/commit/195caac172690456dcdc8cc7a6ca50e05abf8182
pyvul-PaddlePaddle-Paddle-c5f6862d118d,pyvul:paddlepaddle/paddle,PyVul,PaddlePaddle/Paddle,pyvul:c5f6862d118d7d69210f0e73bea1b055f5f21f2b,python,CWE-78,CWE-78,CWE-78,https://github.com/billquan/PyVul/blob/1172bfd1579b4ad2a524549412170d08ca618fb3/dataset/commits_cwe_map.json,e64a054ff6b3964070fb2eb24c9aace2db5965eb,c5f6862d118d7d69210f0e73bea1b055f5f21f2b,c5f6862d118d7d69210f0e73bea1b055f5f21f2b,https://github.com/billquan/PyVul/blob/1172bfd1579b4ad2a524549412170d08ca618fb3/dataset/commit_level_dataset.out|https://github.com/billquan/PyVul/blob/1172bfd1579b4ad2a524549412170d08ca618fb3/dataset/commits_cwe_map.json|https://github.com/PaddlePaddle/Paddle/commit/c5f6862d118d7d69210f0e73bea1b055f5f21f2b,development,,github_tarball,,,PaddlePaddle/Paddle,e64a054ff6b3964070fb2eb24c9aace2db5965eb,github:PaddlePaddle/Paddle@e64a054ff6b3964070fb2eb24c9aace2db5965eb,github_tarball,,,PaddlePaddle/Paddle,c5f6862d118d7d69210f0e73bea1b055f5f21f2b,github:PaddlePaddle/Paddle@c5f6862d118d7d69210f0e73bea1b055f5f21f2b,in_scope,"wget command is constructed and executed by subprocess.Popen(..., shell=True).",os_shell_command,"wget command is constructed and executed by subprocess.Popen(..., shell=True).",https://github.com/PaddlePaddle/Paddle/commit/c5f6862d118d7d69210f0e73bea1b055f5f21f2b
pyvul-PaddlePaddle-Paddle-49bec1760535,pyvul:paddlepaddle/paddle,PyVul,PaddlePaddle/Paddle,pyvul:49bec176053595975c1941cff9749c55f7203ea9,python,CWE-78,CWE-78,CWE-78,https://github.com/billquan/PyVul/blob/1172bfd1579b4ad2a524549412170d08ca618fb3/dataset/commits_cwe_map.json,5252c5d358807edcb5b61b06e4853b894478c0bf,49bec176053595975c1941cff9749c55f7203ea9,49bec176053595975c1941cff9749c55f7203ea9,https://github.com/billquan/PyVul/blob/1172bfd1579b4ad2a524549412170d08ca618fb3/dataset/commit_level_dataset.out|https://github.com/billquan/PyVul/blob/1172bfd1579b4ad2a524549412170d08ca618fb3/dataset/commits_cwe_map.json|https://github.com/PaddlePaddle/Paddle/commit/49bec176053595975c1941cff9749c55f7203ea9,development,,github_tarball,,,PaddlePaddle/Paddle,5252c5d358807edcb5b61b06e4853b894478c0bf,github:PaddlePaddle/Paddle@5252c5d358807edcb5b61b06e4853b894478c0bf,github_tarball,,,PaddlePaddle/Paddle,49bec176053595975c1941cff9749c55f7203ea9,github:PaddlePaddle/Paddle@49bec176053595975c1941cff9749c55f7203ea9,in_scope,"Input is concatenated into os.popen('echo -n ' + value), a shell command sink.",os_shell_command,"Input is concatenated into os.popen('echo -n ' + value), a shell command sink.",https://github.com/PaddlePaddle/Paddle/commit/49bec176053595975c1941cff9749c55f7203ea9
pyvul-PaddlePaddle-Paddle-5ed9478fdef9,pyvul:paddlepaddle/paddle,PyVul,PaddlePaddle/Paddle,pyvul:5ed9478fdef96a06eeec9093f9e768c97b094af3,python,CWE-78,CWE-78,CWE-78,https://github.com/billquan/PyVul/blob/1172bfd1579b4ad2a524549412170d08ca618fb3/dataset/commits_cwe_map.json,372062dfa0b2f1ba293b497a6c24c46f60b61214,5ed9478fdef96a06eeec9093f9e768c97b094af3,5ed9478fdef96a06eeec9093f9e768c97b094af3,https://github.com/billquan/PyVul/blob/1172bfd1579b4ad2a524549412170d08ca618fb3/dataset/commit_level_dataset.out|https://github.com/billquan/PyVul/blob/1172bfd1579b4ad2a524549412170d08ca618fb3/dataset/commits_cwe_map.json|https://github.com/PaddlePaddle/Paddle/commit/5ed9478fdef96a06eeec9093f9e768c97b094af3,development,,github_tarball,,,PaddlePaddle/Paddle,372062dfa0b2f1ba293b497a6c24c46f60b61214,github:PaddlePaddle/Paddle@372062dfa0b2f1ba293b497a6c24c46f60b61214,github_tarball,,,PaddlePaddle/Paddle,5ed9478fdef96a06eeec9093f9e768c97b094af3,github:PaddlePaddle/Paddle@5ed9478fdef96a06eeec9093f9e768c97b094af3,out_of_scope,Fix removes Python eval-based comparison logic; no OS command sink is the vulnerable construct.,language_eval,No qualifying Linux/POSIX OS command-execution sink established for the reviewed vulnerability.,https://github.com/PaddlePaddle/Paddle/commit/5ed9478fdef96a06eeec9093f9e768c97b094af3
pyvul-yt-dlp-yt-dlp-de015e930747,pyvul:yt-dlp/yt-dlp,PyVul,yt-dlp/yt-dlp,pyvul:de015e930747165dbb8fcd360f8775fd973b7d6e,python,CWE-78,CWE-78,CWE-78,https://github.com/billquan/PyVul/blob/1172bfd1579b4ad2a524549412170d08ca618fb3/dataset/commits_cwe_map.json,61bdf15fc7400601c3da1aa7a43917310a5bf391,de015e930747165dbb8fcd360f8775fd973b7d6e,de015e930747165dbb8fcd360f8775fd973b7d6e,https://github.com/billquan/PyVul/blob/1172bfd1579b4ad2a524549412170d08ca618fb3/dataset/commit_level_dataset.out|https://github.com/billquan/PyVul/blob/1172bfd1579b4ad2a524549412170d08ca618fb3/dataset/commits_cwe_map.json|https://github.com/yt-dlp/yt-dlp/commit/de015e930747165dbb8fcd360f8775fd973b7d6e,development,,github_tarball,,,yt-dlp/yt-dlp,61bdf15fc7400601c3da1aa7a43917310a5bf391,github:yt-dlp/yt-dlp@61bdf15fc7400601c3da1aa7a43917310a5bf391,github_tarball,,,yt-dlp/yt-dlp,de015e930747165dbb8fcd360f8775fd973b7d6e,github:yt-dlp/yt-dlp@de015e930747165dbb8fcd360f8775fd973b7d6e,out_of_scope,Fix addresses shell escaping for --exec on Windows; frozen primary threat model is Linux/POSIX.,platform_outside_linux_posix,No qualifying Linux/POSIX OS command-execution sink established for the reviewed vulnerability.,https://github.com/yt-dlp/yt-dlp/commit/de015e930747165dbb8fcd360f8775fd973b7d6e
pyvul-mlflow-mlflow-6dde93758d42,pyvul:mlflow/mlflow,PyVul,mlflow/mlflow,pyvul:6dde93758d42455cb90ef324407919ed67668b9b,python,CWE-78,CWE-78,CWE-78,https://github.com/billquan/PyVul/blob/1172bfd1579b4ad2a524549412170d08ca618fb3/dataset/commits_cwe_map.json,330bf0b38b07d4adf3fae99af1b44c8e857f514a,6dde93758d42455cb90ef324407919ed67668b9b,6dde93758d42455cb90ef324407919ed67668b9b,https://github.com/billquan/PyVul/blob/1172bfd1579b4ad2a524549412170d08ca618fb3/dataset/commit_level_dataset.out|https://github.com/billquan/PyVul/blob/1172bfd1579b4ad2a524549412170d08ca618fb3/dataset/commits_cwe_map.json|https://github.com/mlflow/mlflow/commit/6dde93758d42455cb90ef324407919ed67668b9b,held_out,,github_tarball,,,mlflow/mlflow,330bf0b38b07d4adf3fae99af1b44c8e857f514a,github:mlflow/mlflow@330bf0b38b07d4adf3fae99af1b44c8e857f514a,github_tarball,,,mlflow/mlflow,6dde93758d42455cb90ef324407919ed67668b9b,github:mlflow/mlflow@6dde93758d42455cb90ef324407919ed67668b9b,in_scope,Fix quotes values used to construct commands executed through MLflow process/shell helpers.,os_command_execution,Fix quotes values used to construct commands executed through MLflow process/shell helpers.,https://github.com/mlflow/mlflow/commit/6dde93758d42455cb90ef324407919ed67668b9b
pyvul-langchain-ai-langchain-a2f191a32229,pyvul:langchain-ai/langchain,PyVul,langchain-ai/langchain,pyvul:a2f191a32229256dd41deadf97786fe41ce04cbb,python,CWE-78,CWE-78,CWE-78,https://github.com/billquan/PyVul/blob/1172bfd1579b4ad2a524549412170d08ca618fb3/dataset/commits_cwe_map.json,61938a02a1e76fa6c6e8203c98a9344a179c810d,a2f191a32229256dd41deadf97786fe41ce04cbb,a2f191a32229256dd41deadf97786fe41ce04cbb,https://github.com/billquan/PyVul/blob/1172bfd1579b4ad2a524549412170d08ca618fb3/dataset/commit_level_dataset.out|https://github.com/billquan/PyVul/blob/1172bfd1579b4ad2a524549412170d08ca618fb3/dataset/commits_cwe_map.json|https://github.com/langchain-ai/langchain/commit/a2f191a32229256dd41deadf97786fe41ce04cbb,development,,github_tarball,,,langchain-ai/langchain,61938a02a1e76fa6c6e8203c98a9344a179c810d,github:langchain-ai/langchain@61938a02a1e76fa6c6e8203c98a9344a179c810d,github_tarball,,,langchain-ai/langchain,a2f191a32229256dd41deadf97786fe41ce04cbb,github:langchain-ai/langchain@a2f191a32229256dd41deadf97786fe41ce04cbb,out_of_scope,Fix removes arbitrary Python exec in JIRA wrapper; no OS command sink is the vulnerable construct.,language_exec,No qualifying Linux/POSIX OS command-execution sink established for the reviewed vulnerability.,https://github.com/langchain-ai/langchain/commit/a2f191a32229256dd41deadf97786fe41ce04cbb
pyvul-dwisiswant0-apkleaks-a966e781499f,pyvul:dwisiswant0/apkleaks,PyVul,dwisiswant0/apkleaks,pyvul:a966e781499ff6fd4eea66876d7532301b13a382,python,CWE-88,CWE-88,CWE-88,https://github.com/billquan/PyVul/blob/1172bfd1579b4ad2a524549412170d08ca618fb3/dataset/commits_cwe_map.json,8577b7af6224bf0a5455b552963c46721308d2ff,a966e781499ff6fd4eea66876d7532301b13a382,a966e781499ff6fd4eea66876d7532301b13a382,https://github.com/billquan/PyVul/blob/1172bfd1579b4ad2a524549412170d08ca618fb3/dataset/commit_level_dataset.out|https://github.com/billquan/PyVul/blob/1172bfd1579b4ad2a524549412170d08ca618fb3/dataset/commits_cwe_map.json|https://github.com/dwisiswant0/apkleaks/commit/a966e781499ff6fd4eea66876d7532301b13a382,development,,github_tarball,,,dwisiswant0/apkleaks,8577b7af6224bf0a5455b552963c46721308d2ff,github:dwisiswant0/apkleaks@8577b7af6224bf0a5455b552963c46721308d2ff,github_tarball,,,dwisiswant0/apkleaks,a966e781499ff6fd4eea66876d7532301b13a382,github:dwisiswant0/apkleaks@a966e781499ff6fd4eea66876d7532301b13a382,in_scope,Vulnerable code executes a constructed command through os.system.,os_shell_command,Vulnerable code executes a constructed command through os.system.,https://github.com/dwisiswant0/apkleaks/commit/a966e781499ff6fd4eea66876d7532301b13a382
pyvul-celery-celery-1f7ad7e6df1e,pyvul:celery/celery,PyVul,celery/celery,pyvul:1f7ad7e6df1e02039b6ab9eec617d283598cad6b,python,CWE-77,CWE-77,CWE-77,https://github.com/billquan/PyVul/blob/1172bfd1579b4ad2a524549412170d08ca618fb3/dataset/commits_cwe_map.json,2d8dbc2a8087bbb60590465031ebd5138b8eb359,1f7ad7e6df1e02039b6ab9eec617d283598cad6b,1f7ad7e6df1e02039b6ab9eec617d283598cad6b,https://github.com/billquan/PyVul/blob/1172bfd1579b4ad2a524549412170d08ca618fb3/dataset/commit_level_dataset.out|https://github.com/billquan/PyVul/blob/1172bfd1579b4ad2a524549412170d08ca618fb3/dataset/commits_cwe_map.json|https://github.com/celery/celery/commit/1f7ad7e6df1e02039b6ab9eec617d283598cad6b,development,,github_tarball,,,celery/celery,2d8dbc2a8087bbb60590465031ebd5138b8eb359,github:celery/celery@2d8dbc2a8087bbb60590465031ebd5138b8eb359,github_tarball,,,celery/celery,1f7ad7e6df1e02039b6ab9eec617d283598cad6b,github:celery/celery@1f7ad7e6df1e02039b6ab9eec617d283598cad6b,in_scope,Advisory/fix documents attacker-controlled reconstruction reaching os.system as the callable sink.,os_command_execution,Advisory/fix documents attacker-controlled reconstruction reaching os.system as the callable sink.,https://github.com/celery/celery/commit/1f7ad7e6df1e02039b6ab9eec617d283598cad6b
pyvul-mlflow-mlflow-a98a341a7222,pyvul:mlflow/mlflow,PyVul,mlflow/mlflow,pyvul:a98a341a7222f894b7735db575ad9311ecaba4e3,python,CWE-77,CWE-77,CWE-77,https://github.com/billquan/PyVul/blob/1172bfd1579b4ad2a524549412170d08ca618fb3/dataset/commits_cwe_map.json,64b4645b0a0c0f6713b17f127403f267019efbfe,a98a341a7222f894b7735db575ad9311ecaba4e3,a98a341a7222f894b7735db575ad9311ecaba4e3,https://github.com/billquan/PyVul/blob/1172bfd1579b4ad2a524549412170d08ca618fb3/dataset/commit_level_dataset.out|https://github.com/billquan/PyVul/blob/1172bfd1579b4ad2a524549412170d08ca618fb3/dataset/commits_cwe_map.json|https://github.com/mlflow/mlflow/commit/a98a341a7222f894b7735db575ad9311ecaba4e3,held_out,,github_tarball,,,mlflow/mlflow,64b4645b0a0c0f6713b17f127403f267019efbfe,github:mlflow/mlflow@64b4645b0a0c0f6713b17f127403f267019efbfe,github_tarball,,,mlflow/mlflow,a98a341a7222f894b7735db575ad9311ecaba4e3,github:mlflow/mlflow@a98a341a7222f894b7735db575ad9311ecaba4e3,out_of_scope,Fix introduces Jinja2 SandboxedEnvironment; vulnerable construct is template interpretation.,template_interpreter,No qualifying Linux/POSIX OS command-execution sink established for the reviewed vulnerability.,https://github.com/mlflow/mlflow/commit/a98a341a7222f894b7735db575ad9311ecaba4e3
pyvul-pypa-pip-389cb799d0da,pyvul:pypa/pip,PyVul,pypa/pip,pyvul:389cb799d0da9a840749fcd14878928467ed49b4,python,CWE-77,CWE-77,CWE-77,https://github.com/billquan/PyVul/blob/1172bfd1579b4ad2a524549412170d08ca618fb3/dataset/commits_cwe_map.json,71df02c412998aa07c358ad04388e1573b3c5348,389cb799d0da9a840749fcd14878928467ed49b4,389cb799d0da9a840749fcd14878928467ed49b4,https://github.com/billquan/PyVul/blob/1172bfd1579b4ad2a524549412170d08ca618fb3/dataset/commit_level_dataset.out|https://github.com/billquan/PyVul/blob/1172bfd1579b4ad2a524549412170d08ca618fb3/dataset/commits_cwe_map.json|https://github.com/pypa/pip/commit/389cb799d0da9a840749fcd14878928467ed49b4,development,,github_tarball,,,pypa/pip,71df02c412998aa07c358ad04388e1573b3c5348,github:pypa/pip@71df02c412998aa07c358ad04388e1573b3c5348,github_tarball,,,pypa/pip,389cb799d0da9a840749fcd14878928467ed49b4,github:pypa/pip@389cb799d0da9a840749fcd14878928467ed49b4,in_scope,Fix changes Mercurial '-r' argument formatting so attacker-controlled revision cannot be interpreted as an option.,os_command_argument_injection,Fix changes Mercurial '-r' argument formatting so attacker-controlled revision cannot be interpreted as an option.,https://github.com/pypa/pip/commit/389cb799d0da9a840749fcd14878928467ed49b4
pyvul-dgilland-pydash-6ff0831ad285,pyvul:dgilland/pydash,PyVul,dgilland/pydash,pyvul:6ff0831ad285fff937cafd2a853f20cc9ae92021,python,CWE-78,CWE-78,CWE-78,https://github.com/billquan/PyVul/blob/1172bfd1579b4ad2a524549412170d08ca618fb3/dataset/commits_cwe_map.json,1947d2ad210129d1c2925f0c8837323d7fd420db,6ff0831ad285fff937cafd2a853f20cc9ae92021,6ff0831ad285fff937cafd2a853f20cc9ae92021,https://github.com/billquan/PyVul/blob/1172bfd1579b4ad2a524549412170d08ca618fb3/dataset/commit_level_dataset.out|https://github.com/billquan/PyVul/blob/1172bfd1579b4ad2a524549412170d08ca618fb3/dataset/commits_cwe_map.json|https://github.com/dgilland/pydash/commit/6ff0831ad285fff937cafd2a853f20cc9ae92021,development,,github_tarball,,,dgilland/pydash,1947d2ad210129d1c2925f0c8837323d7fd420db,github:dgilland/pydash@1947d2ad210129d1c2925f0c8837323d7fd420db,github_tarball,,,dgilland/pydash,6ff0831ad285fff937cafd2a853f20cc9ae92021,github:dgilland/pydash@6ff0831ad285fff937cafd2a853f20cc9ae92021,out_of_scope,"Fix blocks dunder attribute access; vulnerable construct is object/introspection access, not OS command execution.",object_attribute_access,No qualifying Linux/POSIX OS command-execution sink established for the reviewed vulnerability.,https://github.com/dgilland/pydash/commit/6ff0831ad285fff937cafd2a853f20cc9ae92021
pyvul-nexB-scancode.io-07ec0de1964b,pyvul:nexb/scancode.io,PyVul,nexB/scancode.io,pyvul:07ec0de1964b14bf085a1c9a27ece2b61ab6105c,python,CWE-77,CWE-77,CWE-77,https://github.com/billquan/PyVul/blob/1172bfd1579b4ad2a524549412170d08ca618fb3/dataset/commits_cwe_map.json,2f5a6cce23058684633326fc27b0f052a218b64e,07ec0de1964b14bf085a1c9a27ece2b61ab6105c,07ec0de1964b14bf085a1c9a27ece2b61ab6105c,https://github.com/billquan/PyVul/blob/1172bfd1579b4ad2a524549412170d08ca618fb3/dataset/commit_level_dataset.out|https://github.com/billquan/PyVul/blob/1172bfd1579b4ad2a524549412170d08ca618fb3/dataset/commits_cwe_map.json|https://github.com/nexB/scancode.io/commit/07ec0de1964b14bf085a1c9a27ece2b61ab6105c,development,,github_tarball,,,nexB/scancode.io,2f5a6cce23058684633326fc27b0f052a218b64e,github:nexB/scancode.io@2f5a6cce23058684633326fc27b0f052a218b64e,github_tarball,,,nexB/scancode.io,07ec0de1964b14bf085a1c9a27ece2b61ab6105c,github:nexB/scancode.io@07ec0de1964b14bf085a1c9a27ece2b61ab6105c,in_scope,Fix changes subprocess.Popen from shell=True to shell=False; canonical repository is aboutcode-org/scancode.io.,os_shell_command,Fix changes subprocess.Popen from shell=True to shell=False; canonical repository is aboutcode-org/scancode.io.,https://github.com/aboutcode-org/scancode.io/commit/07ec0de1964b14bf085a1c9a27ece2b61ab6105c
pyvul-snowflakedb-snowflake-connector-python-1cdbd3b1403c,pyvul:snowflakedb/snowflake-connector-python,PyVul,snowflakedb/snowflake-connector-python,pyvul:1cdbd3b1403c5ef520d7f4d9614fe35165e101ac,python,CWE-77,CWE-77,CWE-77,https://github.com/billquan/PyVul/blob/1172bfd1579b4ad2a524549412170d08ca618fb3/dataset/commits_cwe_map.json,4b1d4741eb6e902dd415ad7cd91fc04c231bcca4,1cdbd3b1403c5ef520d7f4d9614fe35165e101ac,1cdbd3b1403c5ef520d7f4d9614fe35165e101ac,https://github.com/billquan/PyVul/blob/1172bfd1579b4ad2a524549412170d08ca618fb3/dataset/commit_level_dataset.out|https://github.com/billquan/PyVul/blob/1172bfd1579b4ad2a524549412170d08ca618fb3/dataset/commits_cwe_map.json|https://github.com/snowflakedb/snowflake-connector-python/commit/1cdbd3b1403c5ef520d7f4d9614fe35165e101ac,held_out,,github_tarball,,,snowflakedb/snowflake-connector-python,4b1d4741eb6e902dd415ad7cd91fc04c231bcca4,github:snowflakedb/snowflake-connector-python@4b1d4741eb6e902dd415ad7cd91fc04c231bcca4,github_tarball,,,snowflakedb/snowflake-connector-python,1cdbd3b1403c5ef520d7f4d9614fe35165e101ac,github:snowflakedb/snowflake-connector-python@1cdbd3b1403c5ef520d7f4d9614fe35165e101ac,out_of_scope,Fix validates SSO URL before opening a browser; no OS command-execution sink is repaired.,url_browser_navigation,No qualifying Linux/POSIX OS command-execution sink established for the reviewed vulnerability.,https://github.com/snowflakedb/snowflake-connector-python/commit/1cdbd3b1403c5ef520d7f4d9614fe35165e101ac
pyvul-pytorch-pytorch-767f6aa49fe2,pyvul:pytorch/pytorch,PyVul,pytorch/pytorch,pyvul:767f6aa49fe20a2766b9843d01e3b7f7793df6a3,python,CWE-77,CWE-77,CWE-77,https://github.com/billquan/PyVul/blob/1172bfd1579b4ad2a524549412170d08ca618fb3/dataset/commits_cwe_map.json,fbbf3687453aed1b732eee6f6e9050258ce29561,767f6aa49fe20a2766b9843d01e3b7f7793df6a3,767f6aa49fe20a2766b9843d01e3b7f7793df6a3,https://github.com/billquan/PyVul/blob/1172bfd1579b4ad2a524549412170d08ca618fb3/dataset/commit_level_dataset.out|https://github.com/billquan/PyVul/blob/1172bfd1579b4ad2a524549412170d08ca618fb3/dataset/commits_cwe_map.json|https://github.com/pytorch/pytorch/commit/767f6aa49fe20a2766b9843d01e3b7f7793df6a3,held_out,,github_tarball,,,pytorch/pytorch,fbbf3687453aed1b732eee6f6e9050258ce29561,github:pytorch/pytorch@fbbf3687453aed1b732eee6f6e9050258ce29561,github_tarball,,,pytorch/pytorch,767f6aa49fe20a2766b9843d01e3b7f7793df6a3,github:pytorch/pytorch@767f6aa49fe20a2766b9843d01e3b7f7793df6a3,out_of_scope,Fix restricts Python eval of JIT annotation strings; vulnerable construct is language evaluation.,language_eval,No qualifying Linux/POSIX OS command-execution sink established for the reviewed vulnerability.,https://github.com/pytorch/pytorch/commit/767f6aa49fe20a2766b9843d01e3b7f7793df6a3
pyvul-WeblateOrg-weblate-35d59f1f0405,pyvul:weblateorg/weblate,PyVul,WeblateOrg/weblate,pyvul:35d59f1f040541c358cece0a8d4a63183ca919b8,python,CWE-88,CWE-88,CWE-88,https://github.com/billquan/PyVul/blob/1172bfd1579b4ad2a524549412170d08ca618fb3/dataset/commits_cwe_map.json,d83672a3e7415da1490334e2c9431e5da1966842,35d59f1f040541c358cece0a8d4a63183ca919b8,35d59f1f040541c358cece0a8d4a63183ca919b8,https://github.com/billquan/PyVul/blob/1172bfd1579b4ad2a524549412170d08ca618fb3/dataset/commit_level_dataset.out|https://github.com/billquan/PyVul/blob/1172bfd1579b4ad2a524549412170d08ca618fb3/dataset/commits_cwe_map.json|https://github.com/WeblateOrg/weblate/commit/35d59f1f040541c358cece0a8d4a63183ca919b8,held_out,,github_tarball,,,WeblateOrg/weblate,d83672a3e7415da1490334e2c9431e5da1966842,github:WeblateOrg/weblate@d83672a3e7415da1490334e2c9431e5da1966842,github_tarball,,,WeblateOrg/weblate,35d59f1f040541c358cece0a8d4a63183ca919b8,github:WeblateOrg/weblate@35d59f1f040541c358cece0a8d4a63183ca919b8,in_scope,Fixes harden Git/Mercurial subprocess arguments against option injection.,os_command_argument_injection,Fixes harden Git/Mercurial subprocess arguments against option injection.,https://github.com/WeblateOrg/weblate/commit/35d59f1f040541c358cece0a8d4a63183ca919b8
pyvul-WeblateOrg-weblate-d83672a3e741,pyvul:weblateorg/weblate,PyVul,WeblateOrg/weblate,pyvul:d83672a3e7415da1490334e2c9431e5da1966842,python,CWE-88,CWE-88,CWE-88,https://github.com/billquan/PyVul/blob/1172bfd1579b4ad2a524549412170d08ca618fb3/dataset/commits_cwe_map.json,9a5a09781e5a19ab9a24878afb08c9fcafb21ca7,d83672a3e7415da1490334e2c9431e5da1966842,d83672a3e7415da1490334e2c9431e5da1966842,https://github.com/billquan/PyVul/blob/1172bfd1579b4ad2a524549412170d08ca618fb3/dataset/commit_level_dataset.out|https://github.com/billquan/PyVul/blob/1172bfd1579b4ad2a524549412170d08ca618fb3/dataset/commits_cwe_map.json|https://github.com/WeblateOrg/weblate/commit/d83672a3e7415da1490334e2c9431e5da1966842,held_out,,github_tarball,,,WeblateOrg/weblate,9a5a09781e5a19ab9a24878afb08c9fcafb21ca7,github:WeblateOrg/weblate@9a5a09781e5a19ab9a24878afb08c9fcafb21ca7,github_tarball,,,WeblateOrg/weblate,d83672a3e7415da1490334e2c9431e5da1966842,github:WeblateOrg/weblate@d83672a3e7415da1490334e2c9431e5da1966842,in_scope,Fixes harden Git/Mercurial subprocess arguments against option injection.,os_command_argument_injection,Fixes harden Git/Mercurial subprocess arguments against option injection.,https://github.com/WeblateOrg/weblate/commit/d83672a3e7415da1490334e2c9431e5da1966842
pyvul-tankywoo-simiki-45da0ab7c1e9,pyvul:tankywoo/simiki,PyVul,tankywoo/simiki,pyvul:45da0ab7c1e94b368cac22867e7ac9a42dbb9390,python,CWE-77,CWE-77,CWE-77,https://github.com/billquan/PyVul/blob/1172bfd1579b4ad2a524549412170d08ca618fb3/dataset/commits_cwe_map.json,085bb77ca3b493eb28c9ea0930e2e39c5a7bb72d,45da0ab7c1e94b368cac22867e7ac9a42dbb9390,45da0ab7c1e94b368cac22867e7ac9a42dbb9390,https://github.com/billquan/PyVul/blob/1172bfd1579b4ad2a524549412170d08ca618fb3/dataset/commit_level_dataset.out|https://github.com/billquan/PyVul/blob/1172bfd1579b4ad2a524549412170d08ca618fb3/dataset/commits_cwe_map.json|https://github.com/tankywoo/simiki/commit/45da0ab7c1e94b368cac22867e7ac9a42dbb9390,held_out,,github_tarball,,,tankywoo/simiki,085bb77ca3b493eb28c9ea0930e2e39c5a7bb72d,github:tankywoo/simiki@085bb77ca3b493eb28c9ea0930e2e39c5a7bb72d,github_tarball,,,tankywoo/simiki,45da0ab7c1e94b368cac22867e7ac9a42dbb9390,github:tankywoo/simiki@45da0ab7c1e94b368cac22867e7ac9a42dbb9390,out_of_scope,Fix changes PyYAML loading behavior; vulnerability is unsafe deserialization.,unsafe_deserialization,No qualifying Linux/POSIX OS command-execution sink established for the reviewed vulnerability.,https://github.com/tankywoo/simiki/commit/45da0ab7c1e94b368cac22867e7ac9a42dbb9390
pyvul-ansible-ansible-35938b907dfc,pyvul:ansible/ansible,PyVul,ansible/ansible,pyvul:35938b907dfcd1106ca40b794f0db446bdb8cf09,python,CWE-77,CWE-77,CWE-77,https://github.com/billquan/PyVul/blob/1172bfd1579b4ad2a524549412170d08ca618fb3/dataset/commits_cwe_map.json,bab1ac1d5c175555ca5ddd3b1dd30ad04e47f7b1,35938b907dfcd1106ca40b794f0db446bdb8cf09,35938b907dfcd1106ca40b794f0db446bdb8cf09,https://github.com/billquan/PyVul/blob/1172bfd1579b4ad2a524549412170d08ca618fb3/dataset/commit_level_dataset.out|https://github.com/billquan/PyVul/blob/1172bfd1579b4ad2a524549412170d08ca618fb3/dataset/commits_cwe_map.json|https://github.com/ansible/ansible/commit/35938b907dfcd1106ca40b794f0db446bdb8cf09,development,,github_tarball,,,ansible/ansible,bab1ac1d5c175555ca5ddd3b1dd30ad04e47f7b1,github:ansible/ansible@bab1ac1d5c175555ca5ddd3b1dd30ad04e47f7b1,github_tarball,,,ansible/ansible,35938b907dfcd1106ca40b794f0db446bdb8cf09,github:ansible/ansible@35938b907dfcd1106ca40b794f0db446bdb8cf09,out_of_scope,"Reviewed fixes concern facts filtering/template unsafe preservation, not an OS process/command-execution sink.",template_or_internal_data_handling,No qualifying Linux/POSIX OS command-execution sink established for the reviewed vulnerability.,https://github.com/ansible/ansible/commit/35938b907dfcd1106ca40b794f0db446bdb8cf09
pyvul-apache-airflow-2844dad1c762,pyvul:apache/airflow,PyVul,apache/airflow,pyvul:2844dad1c762f5c7dd1271866d3661bf66657300,python,CWE-88,CWE-88,CWE-88,https://github.com/billquan/PyVul/blob/1172bfd1579b4ad2a524549412170d08ca618fb3/dataset/commits_cwe_map.json,8dc895cbb64e991893705b04e03a6655c35888fe,2844dad1c762f5c7dd1271866d3661bf66657300,2844dad1c762f5c7dd1271866d3661bf66657300,https://github.com/billquan/PyVul/blob/1172bfd1579b4ad2a524549412170d08ca618fb3/dataset/commit_level_dataset.out|https://github.com/billquan/PyVul/blob/1172bfd1579b4ad2a524549412170d08ca618fb3/dataset/commits_cwe_map.json|https://github.com/apache/airflow/commit/2844dad1c762f5c7dd1271866d3661bf66657300,development,,github_tarball,,,apache/airflow,8dc895cbb64e991893705b04e03a6655c35888fe,github:apache/airflow@8dc895cbb64e991893705b04e03a6655c35888fe,github_tarball,,,apache/airflow,2844dad1c762f5c7dd1271866d3661bf66657300,github:apache/airflow@2844dad1c762f5c7dd1271866d3661bf66657300,out_of_scope,Fix restricts ODBC driver configuration from connection extras; no OS process/command execution is repaired.,odbc_configuration,No qualifying Linux/POSIX OS command-execution sink established for the reviewed vulnerability.,https://github.com/apache/airflow/commit/2844dad1c762f5c7dd1271866d3661bf66657300
pyvul-savon-noir-python-libnmap-c36fecde9001,pyvul:savon-noir/python-libnmap,PyVul,savon-noir/python-libnmap,pyvul:c36fecde90017befeb4853396d0e2aac93c95b64,python,CWE-88,CWE-88,CWE-88,https://github.com/billquan/PyVul/blob/1172bfd1579b4ad2a524549412170d08ca618fb3/dataset/commits_cwe_map.json,28060b437e800d9bc9840cca8f171ce7a3fb34dd,c36fecde90017befeb4853396d0e2aac93c95b64,c36fecde90017befeb4853396d0e2aac93c95b64,https://github.com/billquan/PyVul/blob/1172bfd1579b4ad2a524549412170d08ca618fb3/dataset/commit_level_dataset.out|https://github.com/billquan/PyVul/blob/1172bfd1579b4ad2a524549412170d08ca618fb3/dataset/commits_cwe_map.json|https://github.com/savon-noir/python-libnmap/commit/c36fecde90017befeb4853396d0e2aac93c95b64,development,,github_tarball,,,savon-noir/python-libnmap,28060b437e800d9bc9840cca8f171ce7a3fb34dd,github:savon-noir/python-libnmap@28060b437e800d9bc9840cca8f171ce7a3fb34dd,github_tarball,,,savon-noir/python-libnmap,c36fecde90017befeb4853396d0e2aac93c95b64,github:savon-noir/python-libnmap@c36fecde90017befeb4853396d0e2aac93c95b64,in_scope,Fix validates Nmap targets to prevent injection of extra command-line options.,os_command_argument_injection,Fix validates Nmap targets to prevent injection of extra command-line options.,https://github.com/savon-noir/python-libnmap/commit/c36fecde90017befeb4853396d0e2aac93c95b64
pyvul-ray-project-ray-193ff8c80067,pyvul:ray-project/ray,PyVul,ray-project/ray,pyvul:193ff8c80067aed4037755cc10f15eb6986dfe95,python,CWE-78,CWE-78,CWE-78,https://github.com/billquan/PyVul/blob/1172bfd1579b4ad2a524549412170d08ca618fb3/dataset/commits_cwe_map.json,79a5643238f890f0b163c3a886aa51d1abc6e4f7,193ff8c80067aed4037755cc10f15eb6986dfe95,193ff8c80067aed4037755cc10f15eb6986dfe95,https://github.com/billquan/PyVul/blob/1172bfd1579b4ad2a524549412170d08ca618fb3/dataset/commit_level_dataset.out|https://github.com/billquan/PyVul/blob/1172bfd1579b4ad2a524549412170d08ca618fb3/dataset/commits_cwe_map.json|https://github.com/ray-project/ray/commit/193ff8c80067aed4037755cc10f15eb6986dfe95,development,,github_tarball,,,ray-project/ray,79a5643238f890f0b163c3a886aa51d1abc6e4f7,github:ray-project/ray@79a5643238f890f0b163c3a886aa51d1abc6e4f7,github_tarball,,,ray-project/ray,193ff8c80067aed4037755cc10f15eb6986dfe95,github:ray-project/ray@193ff8c80067aed4037755cc10f15eb6986dfe95,in_scope,Fix replaces shell subprocess execution with exec-style argument-list execution.,os_shell_command,Fix replaces shell subprocess execution with exec-style argument-list execution.,https://github.com/ray-project/ray/commit/193ff8c80067aed4037755cc10f15eb6986dfe95
pyvul-huggingface-transformers-2272ab57a99b,pyvul:huggingface/transformers,PyVul,huggingface/transformers,pyvul:2272ab57a99bcac972b5252b87c31e24d0b25538,python,CWE-78,CWE-78,CWE-78,https://github.com/billquan/PyVul/blob/1172bfd1579b4ad2a524549412170d08ca618fb3/dataset/commits_cwe_map.json,87a6cf41d0faa2df5bd464273534e928c6ac6e99,2272ab57a99bcac972b5252b87c31e24d0b25538,2272ab57a99bcac972b5252b87c31e24d0b25538,https://github.com/billquan/PyVul/blob/1172bfd1579b4ad2a524549412170d08ca618fb3/dataset/commit_level_dataset.out|https://github.com/billquan/PyVul/blob/1172bfd1579b4ad2a524549412170d08ca618fb3/dataset/commits_cwe_map.json|https://github.com/huggingface/transformers/commit/2272ab57a99bcac972b5252b87c31e24d0b25538,development,,github_tarball,,,huggingface/transformers,87a6cf41d0faa2df5bd464273534e928c6ac6e99,github:huggingface/transformers@87a6cf41d0faa2df5bd464273534e928c6ac6e99,github_tarball,,,huggingface/transformers,2272ab57a99bcac972b5252b87c31e24d0b25538,github:huggingface/transformers@2272ab57a99bcac972b5252b87c31e24d0b25538,in_scope,Fix removes shell=True and passes argument list to subprocess.Popen.,os_shell_command,Fix removes shell=True and passes argument list to subprocess.Popen.,https://github.com/huggingface/transformers/commit/2272ab57a99bcac972b5252b87c31e24d0b25538
pyvul-abilian-abilian-devtools-9d71b0d3b6b4,pyvul:abilian/abilian-devtools,PyVul,abilian/abilian-devtools,pyvul:9d71b0d3b6b467589d58aacc932ca3dc7e524ce2,python,CWE-78,CWE-78,CWE-78,https://github.com/billquan/PyVul/blob/1172bfd1579b4ad2a524549412170d08ca618fb3/dataset/commits_cwe_map.json,ea3a13a532dee1760bfea21bd50bed5467a5c25c,9d71b0d3b6b467589d58aacc932ca3dc7e524ce2,9d71b0d3b6b467589d58aacc932ca3dc7e524ce2,https://github.com/billquan/PyVul/blob/1172bfd1579b4ad2a524549412170d08ca618fb3/dataset/commit_level_dataset.out|https://github.com/billquan/PyVul/blob/1172bfd1579b4ad2a524549412170d08ca618fb3/dataset/commits_cwe_map.json|https://github.com/abilian/abilian-devtools/commit/9d71b0d3b6b467589d58aacc932ca3dc7e524ce2,held_out,,github_tarball,,,abilian/abilian-devtools,ea3a13a532dee1760bfea21bd50bed5467a5c25c,github:abilian/abilian-devtools@ea3a13a532dee1760bfea21bd50bed5467a5c25c,github_tarball,,,abilian/abilian-devtools,9d71b0d3b6b467589d58aacc932ca3dc7e524ce2,github:abilian/abilian-devtools@9d71b0d3b6b467589d58aacc932ca3dc7e524ce2,in_scope,Fix replaces os.system with subprocess argument execution.,os_shell_command,Fix replaces os.system with subprocess argument execution.,https://github.com/abilian/abilian-devtools/commit/9d71b0d3b6b467589d58aacc932ca3dc7e524ce2
pyvul-cyanomiko-dcnnt-py-b4021d784a97,pyvul:cyanomiko/dcnnt-py,PyVul,cyanomiko/dcnnt-py,pyvul:b4021d784a97e25151a5353aa763a741e9a148f5,python,CWE-78,CWE-78,CWE-78,https://github.com/billquan/PyVul/blob/1172bfd1579b4ad2a524549412170d08ca618fb3/dataset/commits_cwe_map.json,4084ea18f96d9a953315f5555fca45f26639b8be,b4021d784a97e25151a5353aa763a741e9a148f5,b4021d784a97e25151a5353aa763a741e9a148f5,https://github.com/billquan/PyVul/blob/1172bfd1579b4ad2a524549412170d08ca618fb3/dataset/commit_level_dataset.out|https://github.com/billquan/PyVul/blob/1172bfd1579b4ad2a524549412170d08ca618fb3/dataset/commits_cwe_map.json|https://github.com/cyanomiko/dcnnt-py/commit/b4021d784a97e25151a5353aa763a741e9a148f5,held_out,,github_tarball,,,cyanomiko/dcnnt-py,4084ea18f96d9a953315f5555fca45f26639b8be,github:cyanomiko/dcnnt-py@4084ea18f96d9a953315f5555fca45f26639b8be,github_tarball,,,cyanomiko/dcnnt-py,b4021d784a97e25151a5353aa763a741e9a148f5,github:cyanomiko/dcnnt-py@b4021d784a97e25151a5353aa763a741e9a148f5,in_scope,"Fix quotes attacker-controlled notification fields before subprocess.call(..., shell=True).",os_shell_command,"Fix quotes attacker-controlled notification fields before subprocess.call(..., shell=True).",https://github.com/cyanomiko/dcnnt-py/commit/b4021d784a97e25151a5353aa763a741e9a148f5
pyvul-mlflow-mlflow-802911381717,pyvul:mlflow/mlflow,PyVul,mlflow/mlflow,pyvul:8029113817175cc9b9bed5c1bebe2f9afea2835b,python,CWE-77,CWE-77,CWE-77,https://github.com/billquan/PyVul/blob/1172bfd1579b4ad2a524549412170d08ca618fb3/dataset/commits_cwe_map.json,81deca5725b31a931d85f9dfa7eec0e65750bbb9,8029113817175cc9b9bed5c1bebe2f9afea2835b,8029113817175cc9b9bed5c1bebe2f9afea2835b,https://github.com/billquan/PyVul/blob/1172bfd1579b4ad2a524549412170d08ca618fb3/dataset/commit_level_dataset.out|https://github.com/billquan/PyVul/blob/1172bfd1579b4ad2a524549412170d08ca618fb3/dataset/commits_cwe_map.json|https://github.com/mlflow/mlflow/commit/8029113817175cc9b9bed5c1bebe2f9afea2835b,held_out,,github_tarball,,,mlflow/mlflow,81deca5725b31a931d85f9dfa7eec0e65750bbb9,github:mlflow/mlflow@81deca5725b31a931d85f9dfa7eec0e65750bbb9,github_tarball,,,mlflow/mlflow,8029113817175cc9b9bed5c1bebe2f9afea2835b,github:mlflow/mlflow@8029113817175cc9b9bed5c1bebe2f9afea2835b,out_of_scope,Fix introduces Jinja2 SandboxedEnvironment; vulnerable construct is template interpretation.,template_interpreter,No qualifying Linux/POSIX OS command-execution sink established for the reviewed vulnerability.,https://github.com/mlflow/mlflow/commit/8029113817175cc9b9bed5c1bebe2f9afea2835b
pyvul-ansible-ansible-03aff644cc1c,pyvul:ansible/ansible,PyVul,ansible/ansible,pyvul:03aff644cc1c00e1f7551195c68fbd0d13a39e6e,python,CWE-78,CWE-78,CWE-78,https://github.com/billquan/PyVul/blob/1172bfd1579b4ad2a524549412170d08ca618fb3/dataset/commits_cwe_map.json,578fa17af58ae665cc652c530f1de6562659665c,03aff644cc1c00e1f7551195c68fbd0d13a39e6e,03aff644cc1c00e1f7551195c68fbd0d13a39e6e,https://github.com/billquan/PyVul/blob/1172bfd1579b4ad2a524549412170d08ca618fb3/dataset/commit_level_dataset.out|https://github.com/billquan/PyVul/blob/1172bfd1579b4ad2a524549412170d08ca618fb3/dataset/commits_cwe_map.json|https://github.com/ansible/ansible/commit/03aff644cc1c00e1f7551195c68fbd0d13a39e6e,development,,github_tarball,,,ansible/ansible,578fa17af58ae665cc652c530f1de6562659665c,github:ansible/ansible@578fa17af58ae665cc652c530f1de6562659665c,github_tarball,,,ansible/ansible,03aff644cc1c00e1f7551195c68fbd0d13a39e6e,github:ansible/ansible@03aff644cc1c00e1f7551195c68fbd0d13a39e6e,out_of_scope,"Reviewed fixes concern facts filtering/template unsafe preservation, not an OS process/command-execution sink.",template_or_internal_data_handling,No qualifying Linux/POSIX OS command-execution sink established for the reviewed vulnerability.,https://github.com/ansible/ansible/commit/03aff644cc1c00e1f7551195c68fbd0d13a39e6e
pyvul-ansible-ansible-4c8c40fd3d4a,pyvul:ansible/ansible,PyVul,ansible/ansible,pyvul:4c8c40fd3d4a58defdc80e7d22aa8d26b731353e,python,CWE-78,CWE-78,CWE-78,https://github.com/billquan/PyVul/blob/1172bfd1579b4ad2a524549412170d08ca618fb3/dataset/commits_cwe_map.json,473df5c13f8fe1b2b7efb4a65b0a0b3887e85b39,4c8c40fd3d4a58defdc80e7d22aa8d26b731353e,4c8c40fd3d4a58defdc80e7d22aa8d26b731353e,https://github.com/billquan/PyVul/blob/1172bfd1579b4ad2a524549412170d08ca618fb3/dataset/commit_level_dataset.out|https://github.com/billquan/PyVul/blob/1172bfd1579b4ad2a524549412170d08ca618fb3/dataset/commits_cwe_map.json|https://github.com/ansible/ansible/commit/4c8c40fd3d4a58defdc80e7d22aa8d26b731353e,development,,github_tarball,,,ansible/ansible,473df5c13f8fe1b2b7efb4a65b0a0b3887e85b39,github:ansible/ansible@473df5c13f8fe1b2b7efb4a65b0a0b3887e85b39,github_tarball,,,ansible/ansible,4c8c40fd3d4a58defdc80e7d22aa8d26b731353e,github:ansible/ansible@4c8c40fd3d4a58defdc80e7d22aa8d26b731353e,out_of_scope,"Reviewed fixes concern facts filtering/template unsafe preservation, not an OS process/command-execution sink.",template_or_internal_data_handling,No qualifying Linux/POSIX OS command-execution sink established for the reviewed vulnerability.,https://github.com/ansible/ansible/commit/4c8c40fd3d4a58defdc80e7d22aa8d26b731353e
pyvul-ansible-ansible-8aa850e3573e,pyvul:ansible/ansible,PyVul,ansible/ansible,pyvul:8aa850e3573e48c9a2f12aef84e8a3a6f5ba4847,python,CWE-78,CWE-78,CWE-78,https://github.com/billquan/PyVul/blob/1172bfd1579b4ad2a524549412170d08ca618fb3/dataset/commits_cwe_map.json,67d2d139975eed0b0c38ce3e0255d5ad06716d47,8aa850e3573e48c9a2f12aef84e8a3a6f5ba4847,8aa850e3573e48c9a2f12aef84e8a3a6f5ba4847,https://github.com/billquan/PyVul/blob/1172bfd1579b4ad2a524549412170d08ca618fb3/dataset/commit_level_dataset.out|https://github.com/billquan/PyVul/blob/1172bfd1579b4ad2a524549412170d08ca618fb3/dataset/commits_cwe_map.json|https://github.com/ansible/ansible/commit/8aa850e3573e48c9a2f12aef84e8a3a6f5ba4847,development,,github_tarball,,,ansible/ansible,67d2d139975eed0b0c38ce3e0255d5ad06716d47,github:ansible/ansible@67d2d139975eed0b0c38ce3e0255d5ad06716d47,github_tarball,,,ansible/ansible,8aa850e3573e48c9a2f12aef84e8a3a6f5ba4847,github:ansible/ansible@8aa850e3573e48c9a2f12aef84e8a3a6f5ba4847,out_of_scope,"Reviewed fixes concern facts filtering/template unsafe preservation, not an OS process/command-execution sink.",template_or_internal_data_handling,No qualifying Linux/POSIX OS command-execution sink established for the reviewed vulnerability.,https://github.com/ansible/ansible/commit/8aa850e3573e48c9a2f12aef84e8a3a6f5ba4847
pyvul-ansible-ansible-8b17e5b9229f,pyvul:ansible/ansible,PyVul,ansible/ansible,pyvul:8b17e5b9229ffaecfe10a4881bc3f87dd2c184e1,python,CWE-78,CWE-78,CWE-78,https://github.com/billquan/PyVul/blob/1172bfd1579b4ad2a524549412170d08ca618fb3/dataset/commits_cwe_map.json,c49092fd2929e85276bfe60fc63d3f47f8aa4646,8b17e5b9229ffaecfe10a4881bc3f87dd2c184e1,8b17e5b9229ffaecfe10a4881bc3f87dd2c184e1,https://github.com/billquan/PyVul/blob/1172bfd1579b4ad2a524549412170d08ca618fb3/dataset/commit_level_dataset.out|https://github.com/billquan/PyVul/blob/1172bfd1579b4ad2a524549412170d08ca618fb3/dataset/commits_cwe_map.json|https://github.com/ansible/ansible/commit/8b17e5b9229ffaecfe10a4881bc3f87dd2c184e1,development,,github_tarball,,,ansible/ansible,c49092fd2929e85276bfe60fc63d3f47f8aa4646,github:ansible/ansible@c49092fd2929e85276bfe60fc63d3f47f8aa4646,github_tarball,,,ansible/ansible,8b17e5b9229ffaecfe10a4881bc3f87dd2c184e1,github:ansible/ansible@8b17e5b9229ffaecfe10a4881bc3f87dd2c184e1,out_of_scope,"Reviewed fixes concern facts filtering/template unsafe preservation, not an OS process/command-execution sink.",template_or_internal_data_handling,No qualifying Linux/POSIX OS command-execution sink established for the reviewed vulnerability.,https://github.com/ansible/ansible/commit/8b17e5b9229ffaecfe10a4881bc3f87dd2c184e1
pyvul-pgadmin-org-pgadmin4-35f05e49b363,pyvul:pgadmin-org/pgadmin4,PyVul,pgadmin-org/pgadmin4,pyvul:35f05e49b3632a0a674b9b36535a7fe2d93dd0c2,python,CWE-78,CWE-78,CWE-78,https://github.com/billquan/PyVul/blob/1172bfd1579b4ad2a524549412170d08ca618fb3/dataset/commits_cwe_map.json,61fa8b16c90590b59c624e440187441349020e1a,35f05e49b3632a0a674b9b36535a7fe2d93dd0c2,35f05e49b3632a0a674b9b36535a7fe2d93dd0c2,https://github.com/billquan/PyVul/blob/1172bfd1579b4ad2a524549412170d08ca618fb3/dataset/commit_level_dataset.out|https://github.com/billquan/PyVul/blob/1172bfd1579b4ad2a524549412170d08ca618fb3/dataset/commits_cwe_map.json|https://github.com/pgadmin-org/pgadmin4/commit/35f05e49b3632a0a674b9b36535a7fe2d93dd0c2,development,,github_tarball,,,pgadmin-org/pgadmin4,61fa8b16c90590b59c624e440187441349020e1a,github:pgadmin-org/pgadmin4@61fa8b16c90590b59c624e440187441349020e1a,github_tarball,,,pgadmin-org/pgadmin4,35f05e49b3632a0a674b9b36535a7fe2d93dd0c2,github:pgadmin-org/pgadmin4@35f05e49b3632a0a674b9b36535a7fe2d93dd0c2,in_scope,Fix replaces shell command construction/subprocess.getoutput with subprocess.run(shell=False).,os_shell_command,Fix replaces shell command construction/subprocess.getoutput with subprocess.run(shell=False).,https://github.com/pgadmin-org/pgadmin4/commit/35f05e49b3632a0a674b9b36535a7fe2d93dd0c2
pyvul-autogluon-autogluon-23a37e74e58d,pyvul:autogluon/autogluon,PyVul,autogluon/autogluon,pyvul:23a37e74e58d03055c84a1b89c5af6c3db296b5e,python,CWE-78,CWE-78,CWE-78,https://github.com/billquan/PyVul/blob/1172bfd1579b4ad2a524549412170d08ca618fb3/dataset/commits_cwe_map.json,1a62b445e4fd797fcb5e3fac26d532fecfec74c6,23a37e74e58d03055c84a1b89c5af6c3db296b5e,23a37e74e58d03055c84a1b89c5af6c3db296b5e,https://github.com/billquan/PyVul/blob/1172bfd1579b4ad2a524549412170d08ca618fb3/dataset/commit_level_dataset.out|https://github.com/billquan/PyVul/blob/1172bfd1579b4ad2a524549412170d08ca618fb3/dataset/commits_cwe_map.json|https://github.com/autogluon/autogluon/commit/23a37e74e58d03055c84a1b89c5af6c3db296b5e,held_out,,github_tarball,,,autogluon/autogluon,1a62b445e4fd797fcb5e3fac26d532fecfec74c6,github:autogluon/autogluon@1a62b445e4fd797fcb5e3fac26d532fecfec74c6,github_tarball,,,autogluon/autogluon,23a37e74e58d03055c84a1b89c5af6c3db296b5e,github:autogluon/autogluon@23a37e74e58d03055c84a1b89c5af6c3db296b5e,out_of_scope,Fix changes yaml.load to safe_load; vulnerability is unsafe deserialization.,unsafe_deserialization,No qualifying Linux/POSIX OS command-execution sink established for the reviewed vulnerability.,https://github.com/autogluon/autogluon/commit/23a37e74e58d03055c84a1b89c5af6c3db296b5e
